Address,postcode,Price,HouseType,Tenure,SaleTime,Bedroom
"Flat 33, Four Elms Court, 53, Road,",CF24_0AU,"144,725",Flat, Leasehold,24-May-19,NaN
"196, Llanrumney Avenue, Llanrumney",CF3_4EB,"143,000",Semi-Detached, Freehold,23-May-19,2 bedrooms
"470, Cowbridge Road West",CF5_5DA,"177,000",Semi-Detached, Freehold,23-May-19,3 bedrooms
"17, Pantbach Place,",CF14_1UN,"330,000",Detached, Freehold,22-May-19,NaN
"3, St Isan Road,",CF14_4LU,"440,000",Semi-Detached, Freehold,22-May-19,4 bedrooms
"3, Georgian Way, Llanishen,",CF14_5PA,"365,000",Terraced, Leasehold,21-May-19,3 bedrooms
"25, Duncansby House, Ferry Court,",CF11_0AT,"210,000",Flat, Leasehold,20-May-19,NaN
"7, St Peters Crescent, Peterstone Wentlooge, ",CF3_2TR,"205,000",Semi-Detached, Freehold,18-May-19,3 bedrooms
"124, Ffordd Nowell, Penylan,",CF23_9FB,"256,000",Detached, Freehold,17-May-19,NaN
"49, Heol Yr Odyn",CF5_5QW,"173,000",Terraced, Freehold,17-May-19,3 bedrooms
"71, Green Meadow Drive, Tongwynlais,",CF15_7LW,"225,000",Semi-Detached, Freehold,17-May-19,3 bedrooms
"220, Pennsylvania, Llanedeyrn,",CF23_9LU,"150,000",Terraced, Freehold,17-May-19,3 bedrooms
"10, Clos Llewellyn, Creigiau,",CF15_9JR,"250,000",Semi-Detached, Freehold,17-May-19,3 bedrooms
"20, Bronte Crescent, Llanrumney",CF3_5PL,"130,000",Semi-Detached, Freehold,17-May-19,3 bedrooms
"5, Goldsmith Close, Llanrumney",CF3_5ND,"135,000",Terraced, Freehold,17-May-19,3 bedrooms
"114, Lascelles Drive, Pontprennau,",CF23_8NQ,"345,000",Detached, Freehold,17-May-19,4 bedrooms
"58, Pentrebane Road",CF5_3RE,"244,000",Semi-Detached, Freehold,17-May-19,3 bedrooms
"24, Wentloog Close, Rumney",CF3_3HA,"128,000",Flat, Leasehold,17-May-19,2 bedrooms
"3d, Matthysens Way, St Mellons",CF3_0PL,"167,500",Semi-Detached, Freehold,17-May-19,4 bedrooms
"101, Fairwater Grove East",CF5_2JT,"267,500",Terraced, Freehold,17-May-19,3 bedrooms
"1, Meirwen Drive",CF5_4ND,"245,000",Detached, Freehold,17-May-19,4 bedrooms
"2a, Heol Nant Castan,",CF14_6RP,"300,000",Semi-Detached, Freehold,17-May-19,3 bedrooms
"11, South View, Taffs Well, , Rhondda Cynon Taff",CF15_7SE,"119,950",Terraced, Freehold,17-May-19,3 bedrooms
"6, Great House Farm, Michaelston Road, St Fagans",CF5_6FL,"240,000",Flat, Leasehold,17-May-19,NaN
"672, Road, Rumney",CF3_4DF,"220,000",Semi-Detached, Freehold,17-May-19,3 bedrooms
"138, Habershon Street,",CF24_2LD,"120,000",Terraced, Freehold,17-May-19,NaN
"7, Well Wood Close, Penylan,",CF23_9HD,"225,000",Semi-Detached, Freehold,17-May-19,3 bedrooms
"34, George Crescent, Old St Mellons",CF3_6AH,"189,995",Terraced, Freehold,17-May-19,NaN
"5, Andrews Road,",CF14_2JN,"203,000",Terraced, Freehold,17-May-19,2 bedrooms
"10, Maes Yr Hafod, Creigiau,",CF15_9JU,"155,000",Terraced, Freehold,17-May-19,2 bedrooms
"14, Vaughan Avenue",CF5_2HR,"399,950",Semi-Detached, Freehold,16-May-19,3 bedrooms
"59, Conybeare Road",CF5_1GB,"257,000",Terraced, Freehold,16-May-19,NaN
"166, Bwlch Road",CF5_3EF,"235,000",Semi-Detached, Freehold,16-May-19,3 bedrooms
"99, Brandreth Road,",CF23_5LE,"397,500",Semi-Detached, Freehold,16-May-19,4 bedrooms
"112, Countisbury Avenue, Llanrumney",CF3_5RR,"140,000",Terraced, Freehold,16-May-19,3 bedrooms
"48, Pritchard Court, Road, Llandaff",CF5_2DE,"265,000",Flat, Leasehold,15-May-19,NaN
"23, Llanbleddian Gardens,",CF24_4AT,"215,000",Terraced, Freehold,15-May-19,11 bedrooms
"20a, Hirst Crescent",CF5_3LH,"200,000",Terraced, Freehold,15-May-19,NaN
"16, Eskdale Close,",CF23_5LF,"397,000",Semi-Detached, Leasehold,15-May-19,4 bedrooms
"29, Inverness Place,",CF24_4RU,"190,000",Terraced, Freehold,15-May-19,2 bedrooms
"16, Swinton Street,",CF24_2NU,"189,000",Terraced, Freehold,14-May-19,2 bedrooms
"74, Lauriston Park, , The Vale Of Glamorga",CF5_5QA,"145,000",Terraced, Freehold,13-May-19,2 bedrooms
"20, Moordale Road,",CF11_7DU,"230,000",Semi-Detached, Freehold,13-May-19,3 bedrooms
"38, Fairfield Avenue",CF5_1BS,"285,000",Terraced, Freehold,13-May-19,3 bedrooms
"43, Heol Bennett, Old St Mellons",CF3_6AF,"323,000",Detached, Freehold,10-May-19,NaN
"108, Paget Street,",CF11_7JZ,"184,000",Terraced, Freehold,10-May-19,3 bedrooms
"25, Kensington Avenue",CF5_1BU,"284,000",Terraced, Freehold,10-May-19,3 bedrooms
"47, College Road, Llandaff North,",CF14_2HZ,"220,500",Terraced, Freehold,10-May-19,3 bedrooms
"64, Road, Glan Y Llyn, , Rhondda Cynon Taff",CF15_7QE,"290,000",Semi-Detached, Freehold,10-May-19,3 bedrooms
"35, Skibereen Close, Pontprennau,",CF23_8PT,"172,000",Terraced, Freehold,10-May-19,2 bedrooms
"43, Heol Bennett, Old St Mellons",CF3_6AF,"323,000",Detached, Freehold,10-May-19,NaN
"Flat 31, Mclay Court, St Fagans Road",CF5_3BP,"109,000",Flat, Leasehold,10-May-19,1 bedroom
"34, Alfred Street,",CF24_4TY,"270,000",Terraced, Freehold,10-May-19,3 bedrooms
"92, Lauriston Park, , The Vale Of Glamorga",CF5_5QA,"129,500",Terraced, Freehold,10-May-19,2 bedrooms
"Flat 5, Trinity Mews, Piercefield Place,",CF24_0LD,"77,500",Flat, Leasehold,10-May-19,NaN
"2, Jaycroft Close, Pontprennau,",CF23_8PD,"184,000",Terraced, Freehold,10-May-19,2 bedrooms
"15, Pen Y Wain Place,",CF24_4GA,"286,000",Terraced, Freehold,10-May-19,4 bedrooms
"Flat 81, Glendower Court, Velindre Road,",CF14_2TZ,"135,000",Flat, Leasehold,10-May-19,2 bedrooms
"25, Thomas Street,",CF11_6NX,"155,000",Semi-Detached, Freehold,10-May-19,4 bedrooms
"78, Hendre Road, Rumney",CF3_1QX,"162,000",Terraced, Freehold,10-May-19,4 bedrooms
"117, Mallards Reach, Marshfield, ",CF3_2NL,"272,000",Detached, Freehold,10-May-19,4 bedrooms
"7, Eddystone Close,",CF11_8EB,"127,500",Flat, Leasehold,10-May-19,2 bedrooms
"98, Penhevad Street,",CF11_7LU,"207,500",Terraced, Freehold,10-May-19,3 bedrooms
"48, Heol Briwnant,",CF14_6QH,"380,000",Detached, Freehold,10-May-19,4 bedrooms
"16, Wentloog Close, Rumney",CF3_3HA,"118,000",Flat, Leasehold,10-May-19,2 bedrooms
"75, Ffordd James Mcghan,",CF11_7JT,"115,000",Flat, Leasehold,10-May-19,NaN
"2, Nant Y Fedw,",CF14_1SD,"260,000",Detached, Freehold,10-May-19,3 bedrooms
"4, George Crescent, Old St Mellons",CF3_6AH,"352,995",Detached, Freehold,10-May-19,NaN
"30, Parc Castell Y Mynach, Creigiau,",CF15_9NU,"289,000",Detached, Freehold,10-May-19,3 bedrooms
"6, Nesta Road, Canton",CF5_1HT,"200,000",Terraced, Freehold,9-May-19,3 bedrooms
"2, Ty Coch, Road, Castleton, ",CF3_2UR,"399,000",Detached, Freehold,9-May-19,NaN
"8, West Road,",CF14_2FT,"135,000",Terraced, Freehold,9-May-19,2 bedrooms
"67, Springwood,",CF23_6UD,"203,000",Terraced, Freehold,9-May-19,3 bedrooms
"27, Madoc Road,",CF24_2SY,"134,500",Semi-Detached, Freehold,9-May-19,2 bedrooms
"5, Cefn Mably Road, Lisvane,",CF14_0SP,"810,000",Detached, Freehold,8-May-19,5 bedrooms
"37, Pantbach Road,",CF14_1TW,"256,000",Terraced, Freehold,8-May-19,2 bedrooms
"27, Cyfarthfa Street,",CF24_3HE,"190,000",Terraced, Freehold,8-May-19,NaN
"3, Church Close, Lisvane,",CF14_0SL,"375,000",Detached, Freehold,8-May-19,3 bedrooms
"67, Judkin Court,",CF10_5AU,"220,500",Flat, Leasehold,8-May-19,3 bedrooms
"95, Waun Fach,",CF23_7BD,"189,000",Semi-Detached, Freehold,8-May-19,3 bedrooms
"21, Hastings Crescent",CF3_5DF,"349,950",Detached, Freehold,8-May-19,4 bedrooms
"15, Waun Fach,",CF23_7BA,"235,000",Terraced, Freehold,8-May-19,3 bedrooms
"141, Pantbach Road,",CF14_1TY,"370,000",Semi-Detached, Freehold,8-May-19,3 bedrooms
"41, Heol Y Deri,",CF14_6HD,"370,000",Semi-Detached, Freehold,7-May-19,NaN
"61, Cyncoed Road,",CF23_5SB,"410,000",Detached, Freehold,7-May-19,4 bedrooms
"6, Field Terrace, Pentyrch,",CF15_9PX,"332,500",Semi-Detached, Freehold,7-May-19,3 bedrooms
"37, Heol Cae Rhys,",CF14_6AP,"315,000",Semi-Detached, Freehold,7-May-19,3 bedrooms
"9, Rhigos Gardens,",CF24_4LS,"280,000",Terraced, Freehold,7-May-19,NaN
"12, Bramble Close",CF5_3UA,"154,000",Terraced, Freehold,7-May-19,3 bedrooms
"192, Roma, Victoria Wharf,",CF11_0SJ,"180,000",Flat, Leasehold,7-May-19,NaN
"3, Pantbach Road,",CF14_1TU,"335,000",Terraced, Freehold,7-May-19,4 bedrooms
"10, Monmouth Street, , The Vale Of Glamorgan",CF11_6SF,"210,000",Terraced, Freehold,7-May-19,NaN
"28, Arlington Crescent, Llanrumney",CF3_4HN,"145,000",Terraced, Freehold,7-May-19,3 bedrooms
"36d, Neville Street,",CF11_6LR,"92,000",Flat, Leasehold,7-May-19,1 bedroom
"41, Palmers Drive",CF5_5NR,"272,500",Detached, Freehold,3-May-19,4 bedrooms
"54, Llanishen Street,",CF14_3QD,"215,000",Terraced, Freehold,3-May-19,4 bedrooms
"16, Cambrian Grove, Marshfield, ",CF3_2US,"255,000",Terraced, Freehold,3-May-19,4 bedrooms
"36, Heol Y Delyn, Lisvane,",CF14_0SR,"394,000",Detached, Freehold,3-May-19,4 bedrooms
"18, Cwrt Brynteg, Station Road, Radyr,",CF15_8AB,"115,000",Flat, Leasehold,3-May-19,NaN
"10, Lisvane Street,",CF24_4LL,"223,000",Terraced, Freehold,3-May-19,3 bedrooms
"33, Monkstone Rise, Rumney",CF3_3LW,"230,000",Semi-Detached, Freehold,3-May-19,3 bedrooms
"4, Restways Close",CF5_2SB,"370,000",Detached, Freehold,3-May-19,4 bedrooms
"90, Fidlas Road,",CF14_0NE,"267,000",Terraced, Freehold,3-May-19,3 bedrooms
"23, Lauriston Park",CF5_5QB,"145,000",Semi-Detached, Freehold,3-May-19,3 bedrooms
"54, De Braose Close",CF5_2DJ,"140,000",Semi-Detached, Freehold,3-May-19,NaN
"5, Meirwen Drive",CF5_4ND,"198,000",Detached, Freehold,3-May-19,3 bedrooms
"7, Yarrow Close",CF5_4QS,"181,000",Semi-Detached, Freehold,3-May-19,3 bedrooms
"80, Johnston Road, Llanishen,",CF14_5HH,"230,000",Terraced, Freehold,3-May-19,3 bedrooms
"55, The Sanctuary",CF5_4RW,"220,000",Semi-Detached, Freehold,3-May-19,3 bedrooms
"114, Clodien Avenue,",CF14_3NQ,"229,000",Terraced, Freehold,3-May-19,NaN
"21, Fairhaven Close, St Mellons",CF3_0LD,"64,000",Flat, Leasehold,3-May-19,1 bedroom
"4, Highlands, Rumney",CF3_3AP,"180,000",Semi-Detached, Freehold,3-May-19,3 bedrooms
"25, Overstone Court,",CF10_5NT,"148,000",Flat, Leasehold,3-May-19,2 bedrooms
"59, Camelot Way, Thornhill,",CF14_9AP,"325,000",Detached, Freehold,3-May-19,4 bedrooms
"54, Moorland Road,",CF24_2LN,"133,000",Semi-Detached, Freehold,2-May-19,2 bedrooms
"7, Francis House, Pen Y Lan Road,",CF23_5HU,"182,500",Flat, Leasehold,2-May-19,NaN
"14, Cornish Close,",CF11_7BR,"99,950",Flat, Freehold,1-May-19,1 bedroom
"17, Cheddar Crescent, Llanrumney",CF3_4EH,"178,000",Terraced, Freehold,1-May-19,3 bedrooms
"65, Colchester Avenue, Penylan,",CF23_9NY,"300,000",Detached, Freehold,1-May-19,4 bedrooms
"48, Stallcourt Avenue,",CF23_5AN,"295,000",Terraced, Freehold,1-May-19,3 bedrooms
"28, Wenallt Road,",CF14_6SD,"367,000",Semi-Detached, Freehold,1-May-19,3 bedrooms
"3, Coed Cochwyn Avenue, Llanishen,",CF14_5BS,"165,000",Semi-Detached, Freehold,1-May-19,NaN
"4, Lansdowne Avenue West, Canton,",CF11_8FS,"210,000",Detached, Freehold,1-May-19,3 bedrooms
"27, Rawden Place,",CF11_6LF,"390,000",Terraced, Freehold,1-May-19,4 bedrooms
"Apartment 46, Schooner Wharf, Schooner Drive,",CF10_4ET,"235,000",Flat, Leasehold,1-May-19,NaN
"Flat 5, Horton House, The Crescent, Llandaff",CF5_2DL,"118,000",Flat, Leasehold,1-May-19,1 bedroom
"10, Keppoch Street,",CF24_3JW,"217,000",Terraced, Freehold,1-May-19,4 bedrooms
"45, Spring Gardens Place,",CF24_1QY,"160,000",Terraced, Freehold,1-May-19,2 bedrooms
"35, Penmaen Walk",CF5_4TP,"185,000",Semi-Detached, Freehold,30-Apr-19,3 bedrooms
"Apartment 9, Bayscape Marina, Watkiss Way,",CF11_0TA,"325,000",Flat, Leasehold,30-Apr-19,NaN
"9, Arthur Street,",CF24_1QR,"163,000",Terraced, Freehold,30-Apr-19,2 bedrooms
"5, Haverford Way",CF5_5EL,"143,500",Semi-Detached, Freehold,30-Apr-19,3 bedrooms
"40, Theobald Road",CF5_1LP,"265,000",Terraced, Freehold,30-Apr-19,3 bedrooms
"22, Melingriffith Drive,",CF14_2TS,"395,000",Detached, Freehold,30-Apr-19,4 bedrooms
"9, Cherrywood Close, Thornhill,",CF14_9DH,"175,000",Terraced, Freehold,30-Apr-19,3 bedrooms
"Finchfield, Road, Old St Mellons",CF3_5TX,"365,000",Semi-Detached, Freehold,30-Apr-19,4 bedrooms
"102, Countisbury Avenue, Llanrumney",CF3_5RR,"136,000",Semi-Detached, Freehold,30-Apr-19,2 bedrooms
"41, Bryn Derwen, Radyr,",CF15_8SW,"170,000",Semi-Detached, Freehold,30-Apr-19,2 bedrooms
"70, St Isan Road,",CF14_4LY,"130,000",Semi-Detached, Freehold,30-Apr-19,NaN
"8, Wren Close, St Mellons",CF3_0PD,"235,000",Terraced, Freehold,30-Apr-19,4 bedrooms
"49, Pinecrest Drive, Thornhill,",CF14_9DW,"186,500",Terraced, Freehold,29-Apr-19,3 bedrooms
"7, De Havilland Road,",CF24_2PL,"165,000",Detached, Freehold,29-Apr-19,2 bedrooms
"82, Fairwater Grove East",CF5_2JU,"236,000",Terraced, Freehold,29-Apr-19,3 bedrooms
"43, Ffordd Nowell, Penylan,",CF23_9FA,"148,000",Flat, Leasehold,29-Apr-19,NaN
"39, Jenkins Way, St Mellons",CF3_0RN,"162,000",Terraced, Freehold,29-Apr-19,2 bedrooms
"Apartment 53, Bayscape Marina, Watkiss Way,",CF11_0TA,"297,000",Flat, Leasehold,29-Apr-19,NaN
"67, Whitworth Square,",CF14_7DR,"152,000",Flat, Leasehold,29-Apr-19,2 bedrooms
"45, Aberdaron Road, Rumney",CF3_1SF,"104,000",Flat, Leasehold,29-Apr-19,2 bedrooms
"54, Heol Booker, Whitchurch,",CF14_2DG,"265,025",Terraced, Freehold,26-Apr-19,4 bedrooms
"1, Pen Y Lan Terrace, Penylan,",CF23_9EU,"340,000",Terraced, Freehold,26-Apr-19,3 bedrooms
"103, Dogfield Street,",CF24_4QN,"237,950",Terraced, Freehold,26-Apr-19,3 bedrooms
"16, Oregano Close, St Mellons",CF3_0NG,"157,000",Terraced, Freehold,26-Apr-19,2 bedrooms
"19, Trem Y Rhyd, St Fagans",CF5_6FT,"309,995",Detached, Freehold,26-Apr-19,NaN
"2, Market Road",CF5_1QF,"310,000",Terraced, Freehold,26-Apr-19,3 bedrooms
"5, Tarragon Way, Pontprennau,",CF23_8SN,"325,000",Semi-Detached, Freehold,26-Apr-19,4 bedrooms
"81, Metal Street,",CF24_0LB,"202,500",Terraced, Freehold,26-Apr-19,2 bedrooms
"46, Oakley Place,",CF11_7EW,"132,500",Terraced, Freehold,26-Apr-19,NaN
"11, Heathfield Road,",CF14_3JX,"270,000",Terraced, Freehold,26-Apr-19,3 bedrooms
"64, Watkins Square, Llanishen,",CF14_5FL,"230,000",Semi-Detached, Freehold,26-Apr-19,3 bedrooms
"8, Lon Y Deri,",CF14_6JN,"460,000",Detached, Freehold,26-Apr-19,NaN
"17, Treharris Street,",CF24_3HJ,"211,500",Terraced, Freehold,26-Apr-19,2 bedrooms
"64, Pentrebane Drive",CF5_3DR,"284,995",Semi-Detached, Freehold,26-Apr-19,NaN
"Flat 35, Glendower Court, Velindre Road,",CF14_2TJ,"140,000",Flat, Leasehold,26-Apr-19,NaN
"34, Briarmeadow Drive, Thornhill,",CF14_9FB,"545,000",Detached, Freehold,26-Apr-19,5 bedrooms
"Flat A, 347, Road,",CF24_1RN,"125,000",Flat, Leasehold,26-Apr-19,NaN
"3, Windway Road",CF5_1AF,"235,000",Terraced, Freehold,26-Apr-19,3 bedrooms
"14, Trem Y Rhyd, St Fagans",CF5_6FW,"389,995",Detached, Freehold,26-Apr-19,NaN
"10, Douglas Close",CF5_2QT,"195,100",Terraced, Freehold,26-Apr-19,2 bedrooms
"4, St Tanwg Road,",CF14_4JY,"452,000",Semi-Detached, Freehold,26-Apr-19,5 bedrooms
"5, Boverton Street,",CF23_5ES,"442,000",Detached, Freehold,26-Apr-19,4 bedrooms
"103b, Michaelston Road",CF5_4SX,"120,000",Terraced, Freehold,26-Apr-19,NaN
"22, Bala Road,",CF14_2QL,"225,000",Semi-Detached, Freehold,26-Apr-19,NaN
"65, Nevin Crescent, Rumney",CF3_3NW,"132,000",Semi-Detached, Freehold,26-Apr-19,3 bedrooms
"62, Marion Street,",CF24_2DL,"200,000",Terraced, Freehold,26-Apr-19,3 bedrooms
"7, Meirwen Drive",CF5_4ND,"212,000",Detached, Freehold,26-Apr-19,3 bedrooms
"62, Marion Street,",CF24_2DL,"200,000",Terraced, Freehold,26-Apr-19,3 bedrooms
"Flat 6, Cranmer Court, Ely Road",CF5_2JD,"227,672",Flat, Leasehold,25-Apr-19,2 bedrooms
"16, Florence Street,",CF24_2PA,"175,000",Terraced, Freehold,25-Apr-19,2 bedrooms
"180, Archer Road",CF5_4FU,"150,000",Semi-Detached, Freehold,25-Apr-19,4 bedrooms
"17, Trem Y Rhyd, St Fagans",CF5_6FT,"299,999",Detached, Freehold,25-Apr-19,NaN
"38, Pentland Close, Llanishen,",CF14_5BB,"105,000",Flat, Leasehold,25-Apr-19,NaN
"29a, Bruce Street,",CF24_4PJ,"220,000",Terraced, Freehold,25-Apr-19,NaN
"Flat 22, Rowan Court, Ely Road",CF5_2JB,"152,500",Flat, Leasehold,25-Apr-19,NaN
"14, Westbourne Road,",CF14_2BP,"268,000",Semi-Detached, Freehold,25-Apr-19,2 bedrooms
"6, Insole Place",CF5_2BW,"363,500",Semi-Detached, Freehold,25-Apr-19,3 bedrooms
"2, King George V Drive West,",CF14_4ED,"360,000",Detached, Freehold,25-Apr-19,2 bedrooms
"Flat 3, Dulwich House, Pencisely Road",CF5_1DG,"325,000",Flat, Leasehold,25-Apr-19,NaN
"84, Gelligaer Street,",CF24_4LB,"230,000",Terraced, Freehold,25-Apr-19,3 bedrooms
"Apartment 42, Schooner Wharf, Schooner Drive,",CF10_4ET,"210,000",Flat, Leasehold,25-Apr-19,NaN
"56, Conybeare Road",CF5_1GD,"540,000",Detached, Freehold,24-Apr-19,0 bedrooms
"14, Gileston Road,",CF11_9JS,"450,000",Terraced, Freehold,24-Apr-19,3 bedrooms
"18, Castle Rise, Rumney",CF3_4BA,"293,000",Detached, Freehold,24-Apr-19,4 bedrooms
"7, Meadow Street,",CF11_9PY,"352,200",Terraced, Freehold,24-Apr-19,NaN
"24, Elgar Crescent, Llanrumney",CF3_5RT,"158,000",Semi-Detached, Freehold,24-Apr-19,3 bedrooms
"305, Marshfield Road, Castleton, ",CF3_2UU,"480,000",Detached, Freehold,24-Apr-19,5 bedrooms
"126, Clydesmuir Road,",CF24_2PZ,"152,500",Semi-Detached, Freehold,24-Apr-19,3 bedrooms
"55, Llanishen Court, Llanishen,",CF14_5PD,"121,000",Flat, Leasehold,24-Apr-19,2 bedrooms
"6, Ullswater Avenue,",CF23_5PT,"420,000",Terraced, Freehold,24-Apr-19,3 bedrooms
"10, Birkdale Close, St Mellons",CF3_0LF,"143,000",Terraced, Freehold,24-Apr-19,NaN
"25, Wembley Road",CF5_1NG,"239,950",Terraced, Freehold,24-Apr-19,3 bedrooms
"25, Wembley Road",CF5_1NG,"239,950",Terraced, Freehold,24-Apr-19,3 bedrooms
"3, Fieldfare Drive, St Mellons",CF3_0PB,"192,500",Terraced, Freehold,24-Apr-19,2 bedrooms
"25, Glandovey Grove, Rumney",CF3_1RL,"9,550",Semi-Detached, Freehold,24-Apr-19,NaN
"40, Llys Pegasus, Ty Glas Road, Llanishen,",CF14_5ER,"280,000",Flat, Leasehold,24-Apr-19,NaN
"8, Preswylfa Street",CF5_1FS,"322,750",Terraced, Freehold,23-Apr-19,3 bedrooms
"4, Amberley Close,",CF23_8AY,"277,500",Detached, Freehold,23-Apr-19,4 bedrooms
"16, Major Road",CF5_1PF,"279,950",Terraced, Freehold,23-Apr-19,4 bedrooms
"28, Butleigh Avenue",CF5_1BZ,"530,000",Detached, Freehold,23-Apr-19,4 bedrooms
"1, Maitland Park,",CF14_3DH,"165,000",Flat, Freehold,23-Apr-19,NaN
"17, St Margarets Court, 17, Linnet Close,",CF23_7HG,"100,000",Flat, Leasehold,23-Apr-19,NaN
"17, Pantmawr Road,",CF14_7TA,"270,000",Terraced, Freehold,23-Apr-19,3 bedrooms
"35, Millrace Close, Lisvane,",CF14_0UQ,"415,000",Detached, Freehold,18-Apr-19,3 bedrooms
"45, Llanishen Court, Llanishen,",CF14_5PD,"145,000",Flat, Leasehold,18-Apr-19,2 bedrooms
"48, Woolacombe Avenue, Llanrumney",CF3_4TE,"167,000",Terraced, Freehold,18-Apr-19,3 bedrooms
"90, Pentrebane Drive",CF5_3DR,"358,995",Detached, Freehold,18-Apr-19,NaN
"3, Letty Street,",CF24_4EJ,"190,000",Terraced, Freehold,18-Apr-19,3 bedrooms
"13, Plas Y Coed,",CF23_5PA,"165,000",Terraced, Leasehold,18-Apr-19,NaN
"42, Dan Donovan Way,",CF11_0JZ,"700,000",Terraced, Freehold,18-Apr-19,NaN
"27, Taliesin Court,",CF10_5NH,"164,000",Flat, Leasehold,18-Apr-19,NaN
"10, Pilgrim Close, Radyr,",CF15_8GD,"652,500",Detached, Freehold,18-Apr-19,5 bedrooms
"4, Romilly Court, Romilly Crescent,",CF11_9PE,"258,000",Terraced, Freehold,18-Apr-19,NaN
"5, Grants Field, St Nicholas, , The Vale Of Glamorga",CF5_6SE,"215,000",Terraced, Freehold,18-Apr-19,2 bedrooms
"38, Fairways Crescent",CF5_3EA,"255,000",Semi-Detached, Freehold,18-Apr-19,3 bedrooms
"23, Awel Mor, Llanedeyrn,",CF23_9QA,"103,000",Flat, Leasehold,18-Apr-19,2 bedrooms
"Flat 3, 13, Theobald Road",CF5_1LP,"195,000",Flat, Leasehold,18-Apr-19,NaN
"23, Awel Mor, Llanedeyrn,",CF23_9QA,"103,000",Flat, Leasehold,18-Apr-19,2 bedrooms
"13, Aberteifi Close,",CF14_2RZ,"128,000",Semi-Detached, Freehold,18-Apr-19,NaN
"26, Pendine Road",CF5_4BP,"120,000",Terraced, Freehold,18-Apr-19,2 bedrooms
"12, Parkstone Avenue, Old St Mellons",CF3_5TY,"175,000",Semi-Detached, Freehold,18-Apr-19,NaN
"32, Heol Tyn Y Coed,",CF14_6RB,"385,000",Detached, Freehold,18-Apr-19,2 bedrooms
"26, Clos Eiddiw",CF5_5NT,"261,000",Detached, Freehold,18-Apr-19,4 bedrooms
"86, Pentrebane Drive",CF5_3DR,"379,995",Detached, Freehold,18-Apr-19,NaN
"9, Stallcourt Avenue,",CF23_5AL,"330,000",Terraced, Freehold,18-Apr-19,3 bedrooms
"16, Penrhos Crescent, Rumney",CF3_3PB,"172,000",Terraced, Freehold,18-Apr-19,3 bedrooms
"167, Pentrebane Road",CF5_3RB,"145,000",Terraced, Freehold,18-Apr-19,3 bedrooms
"92, Heathwood Road, Heath,",CF14_4BP,"450,000",Semi-Detached, Freehold,18-Apr-19,4 bedrooms
"93, Wern Goch East,",CF23_7AD,"130,000",Terraced, Freehold,18-Apr-19,3 bedrooms
"Apartment 44, Schooner Wharf, Schooner Drive,",CF10_4ET,"199,950",Flat, Leasehold,18-Apr-19,NaN
"2c, Pantmawr Court,",CF14_7HR,"110,000",Flat, Leasehold,18-Apr-19,2 bedrooms
"158, Lawrenny Avenue,",CF11_8BQ,"80,000",Flat, Leasehold,18-Apr-19,1 bedroom
"18, George Crescent, Old St Mellons",CF3_6AH,"314,995",Detached, Freehold,18-Apr-19,NaN
"9, Tyn Y Parc Road,",CF14_6BG,"285,000",Terraced, Freehold,18-Apr-19,3 bedrooms
"7, Criccieth Road, Rumney",CF3_3JT,"170,000",Semi-Detached, Freehold,18-Apr-19,3 bedrooms
"515, Ravenswood, Victoria Wharf,",CF11_0SD,"238,000",Flat, Leasehold,18-Apr-19,NaN
"56, Marion Street,",CF24_2DJ,"175,000",Terraced, Freehold,18-Apr-19,3 bedrooms
"75, Metal Street,",CF24_0LB,"199,950",Terraced, Freehold,18-Apr-19,3 bedrooms
"80, St Ina Road,",CF14_4LT,"367,000",Semi-Detached, Freehold,18-Apr-19,3 bedrooms
"61, Bryn Haidd,",CF23_7JP,"145,000",Terraced, Freehold,17-Apr-19,2 bedrooms
"35, Harold Street,",CF24_1NZ,"180,000",Terraced, Freehold,17-Apr-19,3 bedrooms
"30, Verona House, Vellacott Close,",CF10_4AT,"150,000",Flat, Leasehold,17-Apr-19,NaN
"Apartment 16, Schooner Wharf, Schooner Drive,",CF10_4ET,"210,000",Flat, Leasehold,16-Apr-19,NaN
"30, Athelstan Road,",CF14_2EP,"522,500",Semi-Detached, Freehold,16-Apr-19,5 bedrooms
"Flat 150, Altolusso, Bute Terrace,",CF10_2FG,"187,500",Flat, Leasehold,16-Apr-19,2 bedrooms
"41, Newfoundland Road,",CF14_3LA,"277,000",Terraced, Freehold,16-Apr-19,3 bedrooms
"28, Forest View",CF5_3EL,"78,000",Flat, Leasehold,16-Apr-19,1 bedroom
"7, Aster Close, St Mellons",CF3_0JB,"178,000",Terraced, Freehold,16-Apr-19,3 bedrooms
"22, Rennie Street,",CF11_6EG,"118,000",Terraced, Freehold,15-Apr-19,2 bedrooms
"69, The Philog,",CF14_1DZ,"183,000",Terraced, Freehold,15-Apr-19,2 bedrooms
"39, Bradley Street,",CF24_1PE,"170,000",Terraced, Freehold,15-Apr-19,2 bedrooms
"29, St Cadoc Road,",CF14_4ND,"285,000",Semi-Detached, Freehold,15-Apr-19,3 bedrooms
"36, Lansdowne Avenue, Rhiwbina,",CF14_6AT,"285,000",Terraced, Freehold,15-Apr-19,3 bedrooms
"23, Lawrenny Avenue,",CF11_8BR,"163,000",Terraced, Freehold,15-Apr-19,2 bedrooms
"82, Arudur Hen, Radyr,",CF15_8FX,"184,000",Detached, Freehold,15-Apr-19,NaN
"26, Clos Derwen,",CF23_5HJ,"180,000",Detached, Freehold,15-Apr-19,NaN
"18, Cilgerran Crescent, Llanishen,",CF14_5HE,"225,000",Terraced, Freehold,15-Apr-19,3 bedrooms
"1, Thorley Close,",CF23_6HS,"110,000",Terraced, Freehold,15-Apr-19,NaN
"5, Youghal Close,",CF23_8RN,"229,000",Terraced, Freehold,12-Apr-19,3 bedrooms
"14, Robert Street, Ely",CF5_5AA,"165,000",Terraced, Freehold,12-Apr-19,3 bedrooms
"18, Talbot Street,",CF11_9BW,"460,000",Terraced, Freehold,12-Apr-19,3 bedrooms
"53, Elgar Crescent, Llanrumney",CF3_5RU,"183,000",Semi-Detached, Freehold,12-Apr-19,3 bedrooms
"67, Cosmeston Street,",CF24_4LQ,"220,000",Terraced, Freehold,12-Apr-19,3 bedrooms
"37, Pembroke Road",CF5_1QP,"250,000",Terraced, Freehold,12-Apr-19,2 bedrooms
"14, Aintree Drive",CF5_5BD,"150,000",Semi-Detached, Freehold,12-Apr-19,2 bedrooms
"2, Caradoc Close, St Mellons",CF3_0LQ,"162,000",Semi-Detached, Freehold,12-Apr-19,2 bedrooms
"171, Roma, Victoria Wharf,",CF11_0SJ,"187,500",Flat, Leasehold,12-Apr-19,NaN
"2, Caradoc Close, St Mellons",CF3_0LQ,"162,000",Semi-Detached, Freehold,12-Apr-19,2 bedrooms
"171, Roma, Victoria Wharf,",CF11_0SJ,"187,500",Flat, Leasehold,12-Apr-19,NaN
"20, Ffordd Ty Unnos,",CF14_4NJ,"172,500",Terraced, Freehold,12-Apr-19,NaN
"88, Mallards Reach, Marshfield, ",CF3_2PR,"305,000",Detached, Freehold,12-Apr-19,4 bedrooms
"13, Taff Terrace, Radyr,",CF15_8EE,"350,000",Semi-Detached, Freehold,12-Apr-19,3 bedrooms
"25, Pascall Court, St Peters Street,",CF24_3DH,"105,000",Flat, Leasehold,12-Apr-19,NaN
"2, Cradoc Road,",CF14_1HQ,"415,000",Semi-Detached, Freehold,12-Apr-19,NaN
"77, Treharris Street,",CF24_3HL,"202,000",Terraced, Freehold,12-Apr-19,2 bedrooms
"13, Pritchard Close",CF5_2QS,"320,000",Semi-Detached, Freehold,12-Apr-19,4 bedrooms
"25, Fieldfare Drive, St Mellons",CF3_0PB,"195,000",Semi-Detached, Freehold,12-Apr-19,3 bedrooms
"80, Tewkesbury Street,",CF24_4QT,"210,000",Terraced, Freehold,12-Apr-19,2 bedrooms
"10, Moy Road, Taffs Well, , Rhondda Cynon Taff",CF15_7PX,"205,000",Terraced, Freehold,12-Apr-19,3 bedrooms
"Flat 5, Uppingham Court, Barnard Avenue, Ely",CF5_5AZ,"93,000",Flat, Leasehold,12-Apr-19,2 bedrooms
"55, Jones Point House, Ferry Court,",CF11_0JF,"208,500",Flat, Leasehold,12-Apr-19,NaN
"57, The Meadows, Marshfield, ",CF3_2AY,"267,500",Detached, Freehold,12-Apr-19,3 bedrooms
"27, Pengwern Road",CF5_4BQ,"135,000",Semi-Detached, Freehold,12-Apr-19,2 bedrooms
"27, Winchester Avenue, Penylan,",CF23_9BT,"475,000",Terraced, Freehold,12-Apr-19,4 bedrooms
"59, Woodlawn Way, Thornhill,",CF14_9EA,"222,500",Terraced, Freehold,12-Apr-19,NaN
"6, Heol Y Barcud,",CF14_9JB,"257,500",Semi-Detached, Freehold,12-Apr-19,3 bedrooms
"36, Bryncyn,",CF23_7BH,"210,000",Semi-Detached, Freehold,12-Apr-19,4 bedrooms
"36, Armoury Drive,",CF14_4NP,"250,000",Terraced, Freehold,12-Apr-19,3 bedrooms
"23, The Monico, Pantbach Road,",CF14_1UU,"198,000",Flat, Leasehold,12-Apr-19,NaN
"34, Skelmuir Road,",CF24_2PS,"141,000",Detached, Freehold,12-Apr-19,NaN
"33, Tynant,",CF14_1NU,"143,000",Flat, Leasehold,12-Apr-19,2 bedrooms
"22, Talbot Street,",CF11_9BW,"510,000",Terraced, Freehold,12-Apr-19,NaN
"26, Crofts Street,",CF24_3DZ,"170,000",Terraced, Freehold,12-Apr-19,2 bedrooms
"52, Usk Road,",CF14_0NN,"549,995",Detached, Freehold,12-Apr-19,NaN
"9, Burnaby Street,",CF24_2JW,"189,000",Terraced, Freehold,12-Apr-19,3 bedrooms
"48, Bishops Walk",CF5_2HE,"380,000",Semi-Detached, Freehold,12-Apr-19,3 bedrooms
"34, The Cathedral Green",CF5_2EB,"340,000",Terraced, Leasehold,12-Apr-19,3 bedrooms
"22, Talbot Street,",CF11_9BW,"510,000",Terraced, Freehold,12-Apr-19,NaN
"93, Johnston Road, Llanishen,",CF14_5HH,"247,500",Semi-Detached, Freehold,12-Apr-19,3 bedrooms
"28, Heol St Denys, Lisvane,",CF14_0RU,"517,500",Detached, Freehold,12-Apr-19,5 bedrooms
"19, Copperfield Drive, Thornhill,",CF14_9DD,"384,000",Detached, Freehold,12-Apr-19,4 bedrooms
"30, Golate Court, Golate Street,",CF10_1EU,"124,500",Flat, Leasehold,12-Apr-19,NaN
"5, Fairways Crescent",CF5_3DZ,"217,000",Semi-Detached, Freehold,12-Apr-19,3 bedrooms
"136, Arran Street,",CF24_3HU,"206,000",Terraced, Freehold,12-Apr-19,3 bedrooms
"17, Cottrell Road, Whitchurch,",CF14_1PZ,"282,500",Terraced, Freehold,12-Apr-19,4 bedrooms
"119, Harrison Drive, St Mellons",CF3_0PW,"250,000",Detached, Freehold,12-Apr-19,NaN
"Apartment 33, Schooner Wharf, Schooner Drive,",CF10_4ET,"210,000",Flat, Leasehold,12-Apr-19,NaN
"534, Ravenswood, Victoria Wharf,",CF11_0SD,"154,000",Flat, Leasehold,12-Apr-19,NaN
"57, St Ina Road, Heath,",CF14_4LT,"392,000",Semi-Detached, Freehold,12-Apr-19,5 bedrooms
"98, Penstone Court,",CF10_5NN,"230,000",Flat, Leasehold,11-Apr-19,NaN
"Flat 20, Kenilworth House, Westgate Street,",CF10_1DJ,"110,000",Flat, Leasehold,11-Apr-19,1 bedroom
"91, Havannah Street,",CF10_5SF,"160,000",Flat, Leasehold,11-Apr-19,1 bedroom
"Morven, Heol Pantygored, Creigiau,",CF15_9NF,"325,000",Semi-Detached, Freehold,11-Apr-19,3 bedrooms
"39, Velindre Road,",CF14_2TE,"468,000",Semi-Detached, Freehold,11-Apr-19,3 bedrooms
"1, Clos Yr Hafod,",CF14_6RD,"300,000",Detached, Freehold,11-Apr-19,2 bedrooms
"96, Clos Dewi Sant, Canton,",CF11_9EX,"175,000",Flat, Leasehold,11-Apr-19,2 bedrooms
"Apartment 6, Empire House, Mount Stuart Square,",CF10_5LR,"175,000",Flat, Leasehold,11-Apr-19,NaN
"96, Clos Dewi Sant, Canton,",CF11_9EX,"175,000",Flat, Leasehold,11-Apr-19,2 bedrooms
"1, Swinton Street,",CF24_2NU,"185,000",Terraced, Freehold,11-Apr-19,2 bedrooms
"94, Seager Drive,",CF11_7EX,"126,000",Flat, Leasehold,11-Apr-19,2 bedrooms
"107, Wyeverne Road,",CF24_4BJ,"218,000",Terraced, Freehold,10-Apr-19,4 bedrooms
"431, Catrine, Victoria Wharf,",CF11_0SB,"167,500",Flat, Leasehold,10-Apr-19,NaN
"1, Clos Y Mynydd, Morganstown,",CF15_8FH,"405,000",Detached, Freehold,10-Apr-19,4 bedrooms
"14, Alice Street,",CF10_5LB,"97,000",Flat, Leasehold,10-Apr-19,2 bedrooms
"2, James Court, St Mellons",CF3_0FA,"260,000",Detached, Freehold,10-Apr-19,4 bedrooms
"120, Coed Edeyrn, Llanedeyrn,",CF23_9JX,"78,500",Flat, Leasehold,10-Apr-19,1 bedroom
"6, Avonmuir Road,",CF24_2QQ,"135,000",Terraced, Freehold,9-Apr-19,3 bedrooms
"56, Waterloo Road, Penylan,",CF23_9BH,"410,000",Semi-Detached, Freehold,9-Apr-19,4 bedrooms
"9, Lock Keepers Court, Blackweir Terrace,",CF10_3EZ,"136,000",Flat, Leasehold,8-Apr-19,NaN
"36, Ty Coch Road",CF5_4FZ,"113,000",Terraced, Freehold,8-Apr-19,2 bedrooms
"40, Meadowsweet Drive, St Mellons",CF3_0RD,"144,000",Semi-Detached, Freehold,8-Apr-19,2 bedrooms
"70, Brython Drive, St Mellons",CF3_0GB,"226,000",Semi-Detached, Freehold,8-Apr-19,NaN
"20, Ty Mawr Road, Rumney",CF3_3BT,"200,000",Semi-Detached, Freehold,8-Apr-19,3 bedrooms
"17, Zinc Street,",CF24_0HG,"165,000",Terraced, Freehold,8-Apr-19,2 bedrooms
"12, Burnaby Street,",CF24_2JW,"160,000",Terraced, Freehold,8-Apr-19,3 bedrooms
"86, Pengwern Road",CF5_4BS,"119,950",Terraced, Freehold,8-Apr-19,2 bedrooms
"31, Heol Dolwen,",CF14_1RX,"315,000",Detached, Freehold,8-Apr-19,3 bedrooms
"135, Harris Avenue, Rumney",CF3_1QD,"170,000",Semi-Detached, Freehold,8-Apr-19,3 bedrooms
"216, Heritage Park, St Mellons",CF3_0DU,"251,000",Terraced, Freehold,8-Apr-19,4 bedrooms
"35, Redhouse Crescent",CF5_4FB,"120,000",Terraced, Freehold,8-Apr-19,3 bedrooms
"1, Bryn Adar,",CF14_7HH,"245,000",Semi-Detached, Freehold,8-Apr-19,3 bedrooms
"7, The Shires, Marshfield, ",CF3_2AW,"316,000",Detached, Freehold,8-Apr-19,NaN
"71, De Braose Close",CF5_2DJ,"420,000",Detached, Freehold,5-Apr-19,5 bedrooms
"133, Maindy Road,",CF24_4HN,"230,000",Terraced, Freehold,5-Apr-19,3 bedrooms
"71, Powderham Drive,",CF11_8ES,"172,000",Terraced, Freehold,5-Apr-19,2 bedrooms
"21, Glastonbury Terrace, Llanrumney",CF3_4HA,"230,000",Semi-Detached, Freehold,5-Apr-19,3 bedrooms
"Flat 4, Argyll Court, Maes Yr Awel, Radyr,",CF15_8AW,"155,000",Flat, Leasehold,5-Apr-19,2 bedrooms
"83, Penhevad Street,",CF11_7LT,"180,000",Terraced, Freehold,5-Apr-19,3 bedrooms
"121, Hayes Apartments, The Hayes,",CF10_1BL,"189,000",Flat, Leasehold,5-Apr-19,NaN
"36, Ramsons Way",CF5_4QY,"184,950",Semi-Detached, Freehold,5-Apr-19,NaN
"33, Maes Ifor, Taffs Well, , Rhondda Cynon Taff",CF15_7AS,"160,000",Terraced, Freehold,5-Apr-19,2 bedrooms
"96, Heol Poyston",CF5_5LZ,"67,500",Flat, Leasehold,5-Apr-19,1 bedroom
"14, Melrose Close, St Mellons",CF3_5SW,"248,000",Semi-Detached, Freehold,5-Apr-19,3 bedrooms
"7, Ty Mawr Avenue, Rumney",CF3_3AF,"315,000",Semi-Detached, Freehold,5-Apr-19,4 bedrooms
"42, Poplar Road",CF5_3PS,"180,000",Terraced, Freehold,5-Apr-19,4 bedrooms
"11, Brynawelon Road,",CF23_6QR,"590,000",Detached, Freehold,5-Apr-19,4 bedrooms
"209, Trowbridge Green, Rumney",CF3_1RE,"132,000",Terraced, Freehold,5-Apr-19,3 bedrooms
"56, New Zealand Road,",CF14_3BS,"205,000",Terraced, Freehold,5-Apr-19,NaN
"27, Woodlawn Way, Thornhill,",CF14_9EA,"170,000",Terraced, Freehold,5-Apr-19,2 bedrooms
"84, Roath Court Road,",CF24_3SE,"430,084",Terraced, Freehold,5-Apr-19,4 bedrooms
"19, Tynant Street,",CF11_6PJ,"109,000",Terraced, Freehold,5-Apr-19,NaN
"32, Norton Avenue,",CF14_4AJ,"320,000",Terraced, Freehold,5-Apr-19,3 bedrooms
"24, Roundwood Close, Penylan,",CF23_9HH,"303,000",Detached, Freehold,5-Apr-19,3 bedrooms
"28, Willowbrook Gardens, St Mellons",CF3_0BF,"198,000",Terraced, Freehold,5-Apr-19,3 bedrooms
"12, Fairwood Close",CF5_3QP,"150,000",Terraced, Freehold,5-Apr-19,NaN
"15, Ffordd James Mcghan,",CF11_7JT,"134,950",Flat, Leasehold,5-Apr-19,2 bedrooms
"123, The Hawthorns,",CF23_7AR,"139,000",Terraced, Freehold,5-Apr-19,3 bedrooms
"28, Willowbrook Gardens, St Mellons",CF3_0BF,"198,000",Terraced, Freehold,5-Apr-19,3 bedrooms
"24, Usk Road,",CF14_0NN,"710,000",Detached, Freehold,5-Apr-19,NaN
"60, Talygarn Street,",CF14_3PT,"207,500",Terraced, Freehold,5-Apr-19,3 bedrooms
"62, St Angela Road,",CF14_4DN,"359,000",Semi-Detached, Freehold,5-Apr-19,4 bedrooms
"25, Arundel Place,",CF11_8DP,"209,950",Terraced, Freehold,5-Apr-19,3 bedrooms
"2, Solva Avenue,",CF14_0NP,"340,000",Semi-Detached, Freehold,5-Apr-19,3 bedrooms
"Flat 59, Glendower Court, Velindre Road,",CF14_2TJ,"92,000",Flat, Leasehold,5-Apr-19,1 bedroom
"7, Grenville, Lisvane Road, Llanishen,",CF14_0SA,"610,000",Semi-Detached, Freehold,5-Apr-19,NaN
"9, Linden Grove, Rumney",CF3_4LQ,"218,000",Semi-Detached, Freehold,5-Apr-19,NaN
"1, Staines Street",CF5_1GP,"299,950",Terraced, Freehold,5-Apr-19,3 bedrooms
"12, Mathew Walk",CF5_2QW,"103,000",Flat, Leasehold,5-Apr-19,1 bedroom
"Flat 17, Downton Grange, New Road, Rumney",CF3_3BW,"108,000",Semi-Detached, Leasehold,5-Apr-19,2 bedrooms
"1, Hayes Apartments, The Hayes,",CF10_1AQ,"220,000",Flat, Leasehold,5-Apr-19,NaN
"146, Campbell Drive,",CF11_7TQ,"168,000",Flat, Leasehold,4-Apr-19,3 bedrooms
"234a, Pearl Street,",CF24_1RD,"95,000",Terraced, Leasehold,4-Apr-19,NaN
"81, Seager Drive,",CF11_7FD,"111,000",Flat, Leasehold,4-Apr-19,1 bedroom
"10, Finnimore Court,",CF14_2FZ,"136,500",Flat, Leasehold,4-Apr-19,2 bedrooms
"16, St Marys Court, , The Vale Of Glamorga",CF5_5PU,"255,000",Detached, Freehold,4-Apr-19,4 bedrooms
"88, Kennerleigh Road",CF3_4BJ,"117,000",Flat, Leasehold,4-Apr-19,2 bedrooms
"25, Robert Street, Ely",CF5_5AA,"162,000",Terraced, Freehold,4-Apr-19,2 bedrooms
"Flat 187, Altolusso, Bute Terrace,",CF10_2FH,"182,550",Flat, Leasehold,3-Apr-19,NaN
"7, Borage Close, Pontprennau,",CF23_8SJ,"320,000",Detached, Freehold,3-Apr-19,4 bedrooms
"19, Cambrian Way, Marshfield, ",CF3_2WB,"425,000",Detached, Freehold,3-Apr-19,4 bedrooms
"58, Adventurers Quay,",CF10_4NP,"205,000",Flat, Leasehold,3-Apr-19,2 bedrooms
"42, Arundel Place,",CF11_8HB,"154,000",Terraced, Freehold,3-Apr-19,2 bedrooms
"42, Arundel Place,",CF11_8HB,"154,000",Terraced, Freehold,3-Apr-19,2 bedrooms
"58, Adventurers Quay,",CF10_4NP,"205,000",Flat, Leasehold,3-Apr-19,2 bedrooms
"21, Youghal Close, Pontprennau,",CF23_8RN,"260,000",Terraced, Freehold,3-Apr-19,4 bedrooms
"29, Lansdowne Road",CF5_1PQ,"182,950",Terraced, Freehold,3-Apr-19,4 bedrooms
"20, Ffordd Mograig, Llanishen,",CF14_5EW,"385,000",Detached, Freehold,3-Apr-19,5 bedrooms
"44, Milverton Road, Llanrumney",CF3_5SD,"105,000",Flat, Leasehold,2-Apr-19,2 bedrooms
"2, Clas Tywern,",CF14_4SB,"360,000",Semi-Detached, Freehold,2-Apr-19,3 bedrooms
"10, Greenacre Drive, Pontprennau,",CF23_8PA,"268,000",Detached, Freehold,2-Apr-19,3 bedrooms
"130, Ty Glas Road, Llanishen,",CF14_5EG,"370,000",Semi-Detached, Freehold,2-Apr-19,3 bedrooms
"Flat 19, Dunraven House, Westgate Street,",CF10_1DL,"68,000",Flat, Leasehold,1-Apr-19,0 bedrooms
"59 The Granary, Magretian Place,",CF10_4BR,"122,000",Flat, Leasehold,1-Apr-19,1 bedroom
"Flat 1, Maplewood Court, Maplewood Avenue,",CF14_2NB,"105,000",Flat, Leasehold,1-Apr-19,2 bedrooms
"Flat 5, Maplewood Court, Maplewood Avenue,",CF14_2NB,"105,000",Flat, Leasehold,1-Apr-19,NaN
"31, Radyr Road,",CF14_2FU,"247,000",Terraced, Freehold,1-Apr-19,2 bedrooms
"80, Bishops Road, Whitchurch,",CF14_1LY,"4,000",Semi-Detached, Freehold,1-Apr-19,NaN
"1, Balaclava Road,",CF23_5BB,"445,000",Terraced, Freehold,1-Apr-19,4 bedrooms
"8, Pentrebane Street,",CF11_7LL,"232,500",Terraced, Freehold,1-Apr-19,4 bedrooms
"Flat 2, Parc Afon, Bridge Road, Llandaff North,",CF14_2JL,"145,000",Flat, Leasehold,29-Mar-19,2 bedrooms
"45, Heol Don,",CF14_2AS,"500,000",Semi-Detached, Freehold,29-Mar-19,4 bedrooms
"60, Pentwyn, Radyr,",CF15_8RE,"300,000",Detached, Freehold,29-Mar-19,3 bedrooms
"7, Cannington Avenue, Llanrumney",CF3_4HG,"127,000",Semi-Detached, Freehold,29-Mar-19,NaN
"21, Pearl Street,",CF24_1HB,"122,000",Terraced, Freehold,29-Mar-19,3 bedrooms
"6, Erw Las,",CF14_1NL,"282,500",Semi-Detached, Freehold,29-Mar-19,3 bedrooms
"6, Werfa Street,",CF23_5EW,"317,760",Terraced, Freehold,29-Mar-19,4 bedrooms
"75, Barmouth Road, Rumney",CF3_3LA,"182,500",Semi-Detached, Freehold,29-Mar-19,3 bedrooms
"75, Barmouth Road, Rumney",CF3_3LA,"182,500",Semi-Detached, Freehold,29-Mar-19,3 bedrooms
"6, Werfa Street,",CF23_5EW,"317,760",Terraced, Freehold,29-Mar-19,4 bedrooms
"6, Erw Las,",CF14_1NL,"282,500",Semi-Detached, Freehold,29-Mar-19,3 bedrooms
"11, Campbell Drive,",CF11_7QE,"115,000",Flat, Leasehold,29-Mar-19,2 bedrooms
"18, Perrots Close",CF5_3HZ,"205,000",Semi-Detached, Freehold,29-Mar-19,3 bedrooms
"11, Ffordd Yr Hen-dai, Canton,",CF11_8FJ,"290,000",Semi-Detached, Freehold,29-Mar-19,NaN
"24, Trem Y Rhyd, St Fagans",CF5_6FW,"341,995",Detached, Freehold,29-Mar-19,NaN
"41, Bishops Walk",CF5_2HA,"342,500",Semi-Detached, Freehold,29-Mar-19,3 bedrooms
"49, Orchard Park, St Mellons",CF3_0AQ,"110,000",Flat, Freehold,29-Mar-19,1 bedroom
"7, Clos Avro,",CF24_2HN,"155,000",Semi-Detached, Freehold,29-Mar-19,2 bedrooms
"Flat 47, Belvedere Court, Cranleigh Rise, Rumney",CF3_4AL,"100,000",Flat, Leasehold,29-Mar-19,NaN
"111, Judkin Court,",CF10_5AX,"221,000",Flat, Leasehold,29-Mar-19,2 bedrooms
"17, Ravensbrook, Morganstown,",CF15_8LT,"370,000",Detached, Freehold,29-Mar-19,4 bedrooms
"9, Trecinon Road, Rumney",CF3_1TE,"150,000",Terraced, Freehold,29-Mar-19,4 bedrooms
"3, Severn Square,",CF11_9DP,"343,750",Flat, Leasehold,29-Mar-19,3 bedrooms
"196, Kings Road,",CF11_9DF,"410,000",Terraced, Freehold,29-Mar-19,3 bedrooms
"23, The Boulevard, Canton,",CF11_8FB,"170,000",Flat, Leasehold,29-Mar-19,NaN
"79, Trem Y Rhyd, St Fagans",CF5_6FT,"445,000",Detached, Freehold,29-Mar-19,NaN
"12, Trem Y Rhyd, St Fagans",CF5_6FW,"254,995",Semi-Detached, Freehold,29-Mar-19,NaN
"Apartment 70, Schooner Wharf, Schooner Drive,",CF10_4ET,"270,000",Flat, Leasehold,29-Mar-19,NaN
"32, Solva Avenue,",CF14_0NP,"360,000",Semi-Detached, Freehold,29-Mar-19,3 bedrooms
"24, Ffordd Mograig, Llanishen,",CF14_5EW,"250,000",Semi-Detached, Freehold,29-Mar-19,3 bedrooms
"15, Court Road, Grangetown,",CF11_6RY,"182,000",Terraced, Freehold,29-Mar-19,2 bedrooms
"20, Penhevad Street,",CF11_7LS,"220,000",Terraced, Freehold,29-Mar-19,3 bedrooms
"137, Pentrebane Road",CF5_3RB,"180,000",Semi-Detached, Freehold,29-Mar-19,3 bedrooms
"32, Solva Avenue,",CF14_0NP,"360,000",Semi-Detached, Freehold,29-Mar-19,3 bedrooms
"88, Pentrebane Drive",CF5_3DR,"369,995",Detached, Freehold,29-Mar-19,NaN
"3, Avondale Road,",CF11_7DS,"287,500",Semi-Detached, Freehold,29-Mar-19,NaN
"316, Greenway Road, Rumney",CF3_1QR,"169,000",Semi-Detached, Freehold,29-Mar-19,3 bedrooms
"3, Fairhaven Close, St Mellons",CF3_0LD,"99,000",Semi-Detached, Freehold,29-Mar-19,1 bedroom
"26, Canada Road,",CF14_3BW,"265,000",Terraced, Freehold,29-Mar-19,3 bedrooms
"7, Manston Close",CF5_2EW,"152,000",Terraced, Freehold,29-Mar-19,2 bedrooms
"20, Usk Road,",CF14_0NN,"654,995",Detached, Freehold,29-Mar-19,NaN
"30, Burford Gardens,",CF11_0AP,"145,000",Flat, Leasehold,29-Mar-19,NaN
"77, Trem Y Rhyd, St Fagans",CF5_6FT,"445,000",Detached, Freehold,29-Mar-19,NaN
"95, Mortimer Avenue, Old St Mellons",CF3_6YF,"265,000",Detached, Freehold,29-Mar-19,NaN
"39, Hamilton Street,",CF11_9BP,"500,000",Terraced, Freehold,29-Mar-19,4 bedrooms
"72, Pantmawr Road,",CF14_7TG,"285,000",Semi-Detached, Freehold,29-Mar-19,4 bedrooms
"12, Flindo Crescent, Canton,",CF11_8DX,"345,000",Detached, Freehold,29-Mar-19,4 bedrooms
"82, Wyndham Road,",CF11_9EL,"380,000",Terraced, Freehold,29-Mar-19,3 bedrooms
"33, Pantgwynlais, Tongwynlais,",CF15_7LT,"200,000",Semi-Detached, Freehold,29-Mar-19,3 bedrooms
"36, Clos Nant Ddu, Pontprennau,",CF23_8LF,"168,500",Terraced, Freehold,29-Mar-19,2 bedrooms
"17, Heol Dewi Sant,",CF14_4NN,"220,000",Terraced, Freehold,29-Mar-19,3 bedrooms
"23, Mavis Grove,",CF14_4SA,"340,000",Semi-Detached, Freehold,29-Mar-19,3 bedrooms
"6, Bishops Road, Whitchurch,",CF14_1LZ,"510,000",Semi-Detached, Freehold,29-Mar-19,4 bedrooms
"4, Heol Briwnant,",CF14_6QF,"383,000",Semi-Detached, Freehold,29-Mar-19,4 bedrooms
"20, George Crescent, Old St Mellons",CF3_6AH,"280,000",Detached, Freehold,29-Mar-19,NaN
"60, Glyn Rhosyn, Pentwyn,",CF23_7DS,"212,000",Semi-Detached, Freehold,29-Mar-19,NaN
"Apartment 15, Dixie, Bute Street,",CF10_5EA,"103,000",Flat, Leasehold,29-Mar-19,1 bedroom
"16, Clos Y Blaidd, Thornhill,",CF14_9HL,"350,000",Detached, Freehold,29-Mar-19,4 bedrooms
"87, Aprilia House, Ffordd Garthorne,",CF10_4DL,"156,500",Flat, Leasehold,29-Mar-19,NaN
"1, Chulmleigh Close",CF3_4BL,"120,000",Terraced, Leasehold,29-Mar-19,2 bedrooms
"36, Clos Nant Ddu, Pontprennau,",CF23_8LF,"168,500",Terraced, Freehold,29-Mar-19,2 bedrooms
"39, Hamilton Street,",CF11_9BP,"500,000",Terraced, Freehold,29-Mar-19,4 bedrooms
"Flat 12, Melbourne Court, Tyn Y Parc Road,",CF14_6BD,"139,000",Flat, Leasehold,29-Mar-19,2 bedrooms
"60, Glyn Rhosyn, Pentwyn,",CF23_7DS,"212,000",Semi-Detached, Freehold,29-Mar-19,NaN
"134, Taff Embankment,",CF11_7BJ,"250,000",Terraced, Freehold,29-Mar-19,3 bedrooms
"Flat 3, Glendower Court, Velindre Road,",CF14_2TJ,"102,000",Flat, Leasehold,29-Mar-19,NaN
"23, Trem Y Rhyd, St Fagans",CF5_6FT,"299,995",Detached, Freehold,29-Mar-19,NaN
"3, Ffordd Yr Hen-dai, Canton,",CF11_8FJ,"285,000",Terraced, Freehold,29-Mar-19,NaN
"Apartment 11, Schooner Wharf, Schooner Drive,",CF10_4ET,"135,000",Flat, Leasehold,29-Mar-19,NaN
"18, Trem Y Rhyd, St Fagans",CF5_6FW,"359,995",Detached, Freehold,29-Mar-19,NaN
"Flat 11, Cadogan House, West Bute Street,",CF10_5EN,"110,000",Flat, Leasehold,29-Mar-19,NaN
"31, Wauntreoda Road,",CF14_1HS,"204,000",Terraced, Freehold,28-Mar-19,NaN
"Flat 3, Neyland House, Bishops Close, Whitchurch,",CF14_1PD,"185,000",Flat, Leasehold,28-Mar-19,3 bedrooms
"25, Macaulay Avenue, Llanrumney",CF3_5NU,"142,000",Terraced, Freehold,28-Mar-19,3 bedrooms
"15, Piper Close",CF5_2RB,"250,500",Semi-Detached, Freehold,28-Mar-19,3 bedrooms
"19, Glendale Avenue, Llanishen,",CF14_5JP,"147,500",Flat, Leasehold,28-Mar-19,2 bedrooms
"Flat 2, 34 - 36, Monthermer Road,",CF24_4RA,"132,500",Flat, Leasehold,28-Mar-19,NaN
"99, The Hawthorns,",CF23_7AR,"153,500",Terraced, Freehold,28-Mar-19,3 bedrooms
"8, Old Church Road,",CF14_1AE,"280,000",Semi-Detached, Freehold,28-Mar-19,2 bedrooms
"19, Clos Coed Hir, Whitchurch,",CF14_7BG,"290,000",Semi-Detached, Freehold,28-Mar-19,4 bedrooms
"18, Hollybush Heights,",CF23_7HF,"132,500",Flat, Leasehold,28-Mar-19,2 bedrooms
"17, Heol Gwrgan,",CF14_1PP,"310,000",Detached, Freehold,28-Mar-19,2 bedrooms
"42, Glyn Collen,",CF23_7ER,"151,000",Terraced, Freehold,28-Mar-19,3 bedrooms
"56, Greenfarm Road",CF5_4RH,"112,500",Terraced, Freehold,28-Mar-19,NaN
"15, Ffordd Ty Unnos,",CF14_4NJ,"142,500",Flat, Leasehold,28-Mar-19,2 bedrooms
"16, Bloom Street,",CF11_9QE,"325,000",Semi-Detached, Freehold,28-Mar-19,2 bedrooms
"28, Usk Road,",CF14_0NN,"695,000",Detached, Freehold,28-Mar-19,NaN
"8, Pentre Street,",CF11_6QX,"235,000",Semi-Detached, Freehold,28-Mar-19,3 bedrooms
"Flat 9, Glendower Court, Velindre Road,",CF14_2TJ,"97,500",Flat, Leasehold,28-Mar-19,NaN
"38, Millwood, Lisvane,",CF14_0TL,"670,000",Detached, Freehold,28-Mar-19,3 bedrooms
"36, Plasmawr Road",CF5_3JW,"225,000",Terraced, Freehold,27-Mar-19,3 bedrooms
"17 The Granary, Magretian Place,",CF10_4BR,"146,000",Flat, Leasehold,27-Mar-19,2 bedrooms
"41, Fisher Hill Way, Radyr,",CF15_8DR,"295,000",Semi-Detached, Freehold,27-Mar-19,4 bedrooms
"84, Ffordd James Mcghan,",CF11_7JT,"130,000",Flat, Leasehold,27-Mar-19,2 bedrooms
"106, The Hawthorns,",CF23_7AR,"155,000",Terraced, Freehold,27-Mar-19,3 bedrooms
"84, Malefant Street,",CF24_4QH,"234,500",Terraced, Freehold,26-Mar-19,5 bedrooms
"52, Rhodfa Crughywel, St Mellons",CF3_0FJ,"255,000",Detached, Freehold,26-Mar-19,NaN
"15, Lon Y Mynydd,",CF14_6NZ,"210,000",Semi-Detached, Freehold,26-Mar-19,3 bedrooms
"51, Gelligaer Street,",CF24_4LD,"250,000",Terraced, Freehold,26-Mar-19,3 bedrooms
"Flat 7, 6b, Gwennyth Street,",CF24_4PH,"172,500",Flat, Leasehold,26-Mar-19,NaN
"48, Penmark Green",CF5_4QN,"142,950",Terraced, Freehold,26-Mar-19,NaN
"38, Meteor Street,",CF24_0HX,"165,000",Terraced, Freehold,26-Mar-19,3 bedrooms
"1, Moorhead Close, Splott,",CF24_5FB,"85,000",Flat, Leasehold,26-Mar-19,0 bedrooms
"13, Emerald Street,",CF24_1QA,"180,000",Terraced, Freehold,25-Mar-19,3 bedrooms
"44d, Heol Llanishen Fach,",CF14_6LE,"127,000",Flat, Leasehold,25-Mar-19,NaN
"2, Eddystone Close,",CF11_8EB,"143,500",Flat, Leasehold,25-Mar-19,1 bedroom
"15, Gwbert Close, Rumney",CF3_1QY,"160,000",Semi-Detached, Freehold,25-Mar-19,3 bedrooms
"50, Marle Close, Pentwyn,",CF23_7EP,"127,000",Flat, Leasehold,25-Mar-19,2 bedrooms
"182, Lansdowne Road",CF5_1JT,"250,000",Terraced, Freehold,25-Mar-19,3 bedrooms
"27, Glastonbury Terrace, Llanrumney",CF3_4HA,"205,000",Semi-Detached, Freehold,25-Mar-19,3 bedrooms
"18, Daniel Street,",CF24_4NX,"205,000",Terraced, Freehold,25-Mar-19,3 bedrooms
"11, Meadvale Road",CF3_1UF,"262,000",Detached, Freehold,25-Mar-19,3 bedrooms
"54, Rhodfa Crughywel, St Mellons",CF3_0FJ,"250,000",Terraced, Freehold,25-Mar-19,NaN
"5, Sorrento House, Vellacott Close,",CF10_4AR,"163,500",Flat, Leasehold,25-Mar-19,NaN
"50, Honiton Road, Llanrumney",CF3_5QL,"140,000",Terraced, Freehold,22-Mar-19,NaN
"17, Crystalwood Road,",CF14_4HU,"355,000",Semi-Detached, Freehold,22-Mar-19,3 bedrooms
"80, Ty Rhiw, Taffs Well, , Rhondda Cynon Taff",CF15_7RX,"170,000",Semi-Detached, Freehold,22-Mar-19,NaN
"24, Caradoc Close, St Mellons",CF3_0LQ,"150,000",Flat, Freehold,22-Mar-19,2 bedrooms
"92, Washford Avenue, Llanrumney",CF3_5QB,"235,000",Terraced, Freehold,22-Mar-19,4 bedrooms
"18, Aberystwyth Street,",CF24_2EW,"157,000",Terraced, Freehold,22-Mar-19,2 bedrooms
"22, Hastings Crescent",CF3_5ET,"256,000",Detached, Freehold,22-Mar-19,3 bedrooms
"Ocean Buildings, Bute Crescent,",CF10_5AY,"205,000",Flat, Leasehold,22-Mar-19,NaN
"59, Taliesin Court,",CF10_5NH,"180,000",Flat, Leasehold,22-Mar-19,NaN
"65, Bronte Crescent, Llanrumney",CF3_5PJ,"130,000",Terraced, Freehold,22-Mar-19,3 bedrooms
"10, Gaerwen Close, Llanishen,",CF14_5HD,"235,000",Terraced, Freehold,22-Mar-19,3 bedrooms
"Flat 214, Altolusso, Bute Terrace,",CF10_2FH,"186,000",Flat, Leasehold,22-Mar-19,2 bedrooms
"31, Blosse Road,",CF14_2JB,"232,500",Terraced, Freehold,22-Mar-19,2 bedrooms
"86, South Rise,",CF14_0RG,"570,000",Detached, Freehold,22-Mar-19,5 bedrooms
"29, Picca Close, , The Vale Of Glamorga",CF5_6XP,"299,995",Detached, Freehold,22-Mar-19,NaN
"301, Maia House, Falcon Drive,",CF10_4RF,"152,500",Flat, Leasehold,22-Mar-19,NaN
"34, Glynne Street,",CF11_9NS,"244,000",Terraced, Freehold,22-Mar-19,2 bedrooms
"Flat 7, Gwendoline House, Pen Y Lan Road,",CF23_5GA,"150,000",Flat, Leasehold,22-Mar-19,NaN
"68, Dan Y Coed Road,",CF23_6NE,"950,000",Detached, Freehold,22-Mar-19,4 bedrooms
"68, Dan Y Coed Road,",CF23_6NE,"950,000",Detached, Freehold,22-Mar-19,4 bedrooms
"51, Paget Street,",CF11_7LD,"226,000",Terraced, Freehold,22-Mar-19,4 bedrooms
"10, Cae Mawr Road,",CF14_6NX,"385,000",Semi-Detached, Freehold,22-Mar-19,4 bedrooms
"26, Hardwicke Court",CF5_2LB,"495,000",Detached, Freehold,22-Mar-19,NaN
"40, Wilson Street,",CF24_2NZ,"170,000",Terraced, Freehold,22-Mar-19,3 bedrooms
"5, Skibereen Close, Pontprennau,",CF23_8PT,"217,500",Semi-Detached, Freehold,22-Mar-19,3 bedrooms
"104, Campbell Drive,",CF11_7TQ,"118,000",Flat, Leasehold,22-Mar-19,1 bedroom
"36, Clos Y Cwarra",CF5_4QT,"275,000",Detached, Freehold,22-Mar-19,3 bedrooms
"16, George Crescent, Old St Mellons",CF3_6AH,"314,995",Detached, Freehold,22-Mar-19,NaN
"108, St Fagans Road",CF5_3AN,"285,000",Semi-Detached, Freehold,22-Mar-19,NaN
"777, Alexandria, Victoria Wharf,",CF11_0SF,"180,000",Flat, Leasehold,22-Mar-19,NaN
"Deri, Heol Y Coed, Rhiwbina,",CF14_6HP,"245,000",Detached, Freehold,22-Mar-19,NaN
"5, Cypress Crescent, St Mellons",CF3_2WL,"333,000",Detached, Freehold,22-Mar-19,NaN
"48, Gwern Close, , The Vale Of Glamorga",CF5_6XL,"382,000",Detached, Freehold,22-Mar-19,NaN
"45, Addison Crescent",CF5_4LX,"91,000",Terraced, Freehold,22-Mar-19,2 bedrooms
"38, Birch Court, Latteys Close,",CF14_4PZ,"75,000",Flat, Leasehold,22-Mar-19,NaN
"11, Picca Close, , The Vale Of Glamorga",CF5_6XP,"414,995",Detached, Freehold,22-Mar-19,NaN
"2, Bailey Close",CF5_3BJ,"232,500",Semi-Detached, Freehold,22-Mar-19,3 bedrooms
"Vienna House, 51, Penstone Court,",CF10_5NL,"138,000",Flat, Leasehold,22-Mar-19,NaN
"10, Llys Pegasus, Ty Glas Road, Llanishen,",CF14_5ER,"280,000",Flat, Leasehold,22-Mar-19,NaN
"23, Heol Carnau",CF5_5NE,"142,500",Terraced, Freehold,22-Mar-19,3 bedrooms
"86, Hansen Court, Heol Glan Rheidol,",CF10_5NX,"98,500",Flat, Leasehold,21-Mar-19,NaN
"6, Thorne Way",CF5_5DJ,"204,000",Semi-Detached, Freehold,21-Mar-19,NaN
"24, Ravensbrook, Morganstown,",CF15_8LT,"367,500",Detached, Freehold,21-Mar-19,4 bedrooms
"11, Dungarvan Drive, Pontprennau,",CF23_8PY,"185,000",Terraced, Freehold,21-Mar-19,NaN
"23, Vicarage Gardens, Marshfield, ",CF3_2PS,"407,500",Detached, Freehold,21-Mar-19,4 bedrooms
"3, George Crescent, Old St Mellons",CF3_6AH,"369,995",Detached, Freehold,21-Mar-19,NaN
"19, Nant Y Drope",CF5_4UF,"295,000",Detached, Freehold,21-Mar-19,4 bedrooms
"10, Picca Close, , The Vale Of Glamorga",CF5_6XP,"424,995",Detached, Freehold,21-Mar-19,NaN
"1, Mitre Court, Mitre Place, Llandaff",CF5_2EZ,"381,500",Flat, Freehold,21-Mar-19,NaN
"4, Rolls Street,",CF11_6DU,"169,950",Terraced, Freehold,21-Mar-19,3 bedrooms
"18, Redlaver Street,",CF11_7LY,"155,000",Terraced, Freehold,20-Mar-19,1 bedroom
"68, Christina Street,",CF10_5HN,"150,000",Terraced, Freehold,20-Mar-19,3 bedrooms
"32, Caldey Island House, Ferry Court,",CF11_0JN,"145,000",Flat, Leasehold,20-Mar-19,NaN
"12, Adamsdown Square,",CF24_0EZ,"165,000",Terraced, Freehold,20-Mar-19,2 bedrooms
"25, Balaclava Road,",CF23_5BB,"150,000",Terraced, Freehold,20-Mar-19,NaN
"35, Cwrt Brynteg, Station Road, Radyr,",CF15_8AB,"119,950",Flat, Leasehold,20-Mar-19,NaN
"167, Woolaston Avenue,",CF23_6EY,"324,500",Semi-Detached, Freehold,20-Mar-19,NaN
"Flat 3, Dray Court, Caroline Street,",CF10_1FQ,"122,500",Flat, Leasehold,19-Mar-19,1 bedroom
"35, Ridgeway, Lisvane,",CF14_0RS,"500,000",Detached, Freehold,19-Mar-19,5 bedrooms
"20, Heol Briwnant,",CF14_6QF,"300,000",Semi-Detached, Freehold,19-Mar-19,3 bedrooms
"29, Clare Road,",CF11_6QP,"100,000",Terraced, Freehold,19-Mar-19,NaN
"95, King George V Drive North,",CF14_4EH,"415,000",Semi-Detached, Freehold,18-Mar-19,3 bedrooms
"7, George Crescent, Old St Mellons",CF3_6AH,"322,995",Detached, Freehold,18-Mar-19,NaN
"3, Wellwood, Llanedeyrn,",CF23_9JP,"185,000",Semi-Detached, Leasehold,18-Mar-19,3 bedrooms
"33, Clos Halket, Canton,",CF11_8DZ,"290,000",Terraced, Freehold,18-Mar-19,4 bedrooms
"61, Daisy Street",CF5_1EQ,"210,000",Terraced, Freehold,18-Mar-19,2 bedrooms
"5, Tavistock Street,",CF24_3BE,"130,000",Semi-Detached, Freehold,18-Mar-19,3 bedrooms
"15, Lansdowne Avenue East, Canton,",CF11_8BU,"185,000",Semi-Detached, Freehold,18-Mar-19,NaN
"46, Morton Court, Heath Park Drive,",CF14_3QJ,"150,000",Flat, Leasehold,18-Mar-19,NaN
"77, Ashcroft Crescent",CF5_3RL,"169,000",Terraced, Freehold,15-Mar-19,3 bedrooms
"13, Ashdene Close",CF5_2SA,"130,000",Terraced, Freehold,15-Mar-19,1 bedroom
"9, Oxwich Close",CF5_3BE,"76,500",Flat, Leasehold,15-Mar-19,1 bedroom
"9, Lon Y Rhyd,",CF14_6JS,"360,000",Semi-Detached, Freehold,15-Mar-19,3 bedrooms
"21, Kingsland Road, Whitchurch,",CF14_2EJ,"300,000",Semi-Detached, Freehold,15-Mar-19,3 bedrooms
"2, Glan Y Ffordd, Taffs Well, , Rhondda Cynon Taff",CF15_7SG,"134,000",Terraced, Freehold,15-Mar-19,2 bedrooms
"16, The Graylands,",CF14_6AS,"327,500",Terraced, Freehold,15-Mar-19,3 bedrooms
"7, Lloyd Place, St Mellons",CF3_0NX,"147,000",Terraced, Freehold,15-Mar-19,2 bedrooms
"75, Dogfield Street,",CF24_4QL,"240,000",Terraced, Freehold,15-Mar-19,5 bedrooms
"30, Arabella Street,",CF24_4TA,"216,000",Terraced, Freehold,15-Mar-19,3 bedrooms
"52, Newfoundland Road,",CF14_3LD,"273,000",Terraced, Freehold,15-Mar-19,NaN
"22, Hatherleigh Road, Rumney",CF3_4AR,"239,950",Terraced, Freehold,15-Mar-19,3 bedrooms
"9, South Clive Street,",CF11_7EG,"169,000",Semi-Detached, Freehold,15-Mar-19,3 bedrooms
"55, Heath Mead,",CF14_3PJ,"120,000",Flat, Leasehold,15-Mar-19,1 bedroom
"3, Cymmer Street,",CF11_7AB,"215,000",Terraced, Freehold,15-Mar-19,3 bedrooms
"103, Michaelston Road",CF5_4SX,"198,000",Semi-Detached, Freehold,15-Mar-19,NaN
"26, Bishops Walk",CF5_2HD,"425,000",Semi-Detached, Freehold,15-Mar-19,4 bedrooms
"131, Treharris Street,",CF24_3HP,"195,000",Terraced, Freehold,15-Mar-19,3 bedrooms
"6, Sycamore Tree Close, Radyr,",CF15_8RT,"415,000",Detached, Freehold,15-Mar-19,4 bedrooms
"1, Arles Road",CF5_5AN,"217,000",Semi-Detached, Freehold,15-Mar-19,3 bedrooms
"Marseilles House 110, Hansen Court, Heol Glan Rheidol,",CF10_5NY,"180,000",Flat, Leasehold,15-Mar-19,NaN
"8, Vishwell Road",CF5_1GE,"336,000",Terraced, Freehold,15-Mar-19,NaN
"19, Arudur Hen, Radyr,",CF15_8FX,"220,000",Terraced, Freehold,15-Mar-19,3 bedrooms
"93, Avondale Gardens South,",CF11_7DZ,"140,000",Terraced, Freehold,15-Mar-19,2 bedrooms
"184, Pantbach Road,",CF14_1UG,"310,000",Semi-Detached, Freehold,15-Mar-19,3 bedrooms
"132, Bishopston Road",CF5_5EA,"185,000",Terraced, Freehold,15-Mar-19,5 bedrooms
"4, Tre Oda Court, College Road, Llandaff North,",CF14_2PF,"135,000",Flat, Leasehold,15-Mar-19,NaN
"133, Bryncyn,",CF23_7BN,"201,000",Semi-Detached, Freehold,15-Mar-19,4 bedrooms
"26, St Dogmaels Avenue, Llanishen,",CF14_5PZ,"218,000",Terraced, Freehold,15-Mar-19,3 bedrooms
"14, Lisvane Street,",CF24_4LL,"242,000",Terraced, Freehold,15-Mar-19,3 bedrooms
"1, Bangor Court, Bangor Lane,",CF24_3LD,"206,000",Semi-Detached, Freehold,15-Mar-19,NaN
"1, Heol Eglwys",CF5_5NY,"148,000",Semi-Detached, Freehold,15-Mar-19,3 bedrooms
"19, Anstee Court,",CF11_8HF,"138,000",Terraced, Freehold,15-Mar-19,NaN
"33, Llys Dewi, Creigiau,",CF15_9JY,"160,000",Terraced, Freehold,15-Mar-19,2 bedrooms
"5, Windlass Court,",CF10_4NG,"280,000",Flat, Freehold,15-Mar-19,NaN
"42, The Cube, 165 - 167, Cowbridge Road East,",CF11_9AH,"113,000",Flat, Leasehold,15-Mar-19,NaN
"206, Edward England Wharf, Lloyd George Avenue,",CF10_4QL,"171,000",Flat, Leasehold,15-Mar-19,NaN
"28, Eddystone Close,",CF11_8EB,"127,000",Flat, Leasehold,15-Mar-19,1 bedroom
"26, Ashdene Close",CF5_2SA,"165,000",Terraced, Freehold,15-Mar-19,2 bedrooms
"48, Heol Y Forlan,",CF14_1BA,"286,500",Terraced, Freehold,15-Mar-19,3 bedrooms
"13, Aberthaw Road",CF5_4HB,"145,000",Semi-Detached, Freehold,15-Mar-19,3 bedrooms
"41, Christina Street,",CF10_5HL,"148,000",Terraced, Freehold,15-Mar-19,3 bedrooms
"27, Kennerleigh Road",CF3_4BG,"84,000",Flat, Leasehold,15-Mar-19,NaN
"320, Greenway Road, Rumney",CF3_1QR,"185,000",Semi-Detached, Freehold,14-Mar-19,3 bedrooms
"73, Picca Close, , The Vale Of Glamorga",CF5_6XR,"449,995",Detached, Freehold,14-Mar-19,NaN
"469, Llantrisant Road, St Fagans",CF5_6FP,"389,995",Detached, Freehold,14-Mar-19,NaN
"12, St. Stephens Mansions, Mount Stuart Square,",CF10_5LQ,"176,500",Flat, Leasehold,14-Mar-19,NaN
"175, Habershon Street,",CF24_2LA,"206,500",Terraced, Freehold,14-Mar-19,3 bedrooms
"42, Kelston Road,",CF14_2AH,"420,000",Semi-Detached, Freehold,14-Mar-19,3 bedrooms
"3, Langport Avenue, Llanrumney",CF3_5TL,"255,000",Semi-Detached, Freehold,14-Mar-19,3 bedrooms
"5, Ethel Street",CF5_1EJ,"215,000",Terraced, Freehold,14-Mar-19,2 bedrooms
"28, Arabella Street,",CF24_4TA,"157,000",Terraced, Freehold,14-Mar-19,2 bedrooms
"59, Doyle Avenue",CF5_3HT,"189,950",Terraced, Freehold,14-Mar-19,3 bedrooms
"15, Adamsdown Square,",CF24_0EZ,"160,000",Terraced, Freehold,13-Mar-19,3 bedrooms
"79, Grangemoor Court,",CF11_0AE,"112,500",Flat, Leasehold,13-Mar-19,1 bedroom
"7, Bedwas Street,",CF11_6PF,"162,000",Terraced, Freehold,13-Mar-19,3 bedrooms
"30, Swinton Street,",CF24_2NU,"185,000",Terraced, Freehold,13-Mar-19,2 bedrooms
"18, Bradley Street,",CF24_1PE,"300,000",Terraced, Freehold,13-Mar-19,NaN
"Flat 2, Sherwood Court, 35, Llantrisant Road",CF5_2PU,"275,000",Flat, Leasehold,13-Mar-19,NaN
"31, Wordsworth Avenue,",CF24_3FR,"415,000",Terraced, Freehold,13-Mar-19,6 bedrooms
"33, Boverton Street,",CF23_5ES,"430,000",Terraced, Freehold,13-Mar-19,3 bedrooms
"17, Anchor Street, Taffs Well, , Rhondda Cynon Taff",CF15_7RH,"157,500",Terraced, Freehold,12-Mar-19,3 bedrooms
"Flat 6, Panteg Mews, Conybeare Road",CF5_1SG,"146,500",Flat, Leasehold,12-Mar-19,2 bedrooms
"88, Whitchurch Road,",CF14_3LY,"164,000",Terraced, Freehold,12-Mar-19,NaN
"28, Lovage Close, Pontprennau,",CF23_8SB,"320,000",Terraced, Freehold,12-Mar-19,4 bedrooms
"22, Acorn Grove, Pontprennau,",CF23_8NG,"210,000",Semi-Detached, Freehold,12-Mar-19,3 bedrooms
"11, Fen Violet Close, St Mellons",CF3_0RB,"214,000",Semi-Detached, Freehold,12-Mar-19,3 bedrooms
"52, Llanishen Court, Llanishen,",CF14_5PD,"125,000",Flat, Leasehold,12-Mar-19,NaN
"Gli Abeti, Tyr Winch Road, Old St Mellons",CF3_5UW,"295,000",Semi-Detached, Freehold,12-Mar-19,3 bedrooms
"Flat 3, Richmond Court, St Peters Street,",CF24_3AZ,"82,500",Terraced, Leasehold,12-Mar-19,1 bedroom
"8, Lon Y Groes,",CF14_4AB,"295,000",Semi-Detached, Freehold,11-Mar-19,3 bedrooms
"42, Heath Halt Road,",CF23_5QF,"200,000",Flat, Leasehold,11-Mar-19,2 bedrooms
"40, Douglas House, Ferry Court,",CF11_0LD,"125,000",Flat, Leasehold,11-Mar-19,NaN
"22, Ezel Court, Heol Glan Rheidol,",CF10_5NS,"152,000",Flat, Leasehold,11-Mar-19,NaN
"Lyon House 194, Hansen Court, Heol Glan Rheidol,",CF10_5NZ,"150,000",Flat, Leasehold,11-Mar-19,NaN
"74, Manor Street,",CF14_3PX,"274,000",Terraced, Freehold,11-Mar-19,3 bedrooms
"443, Catrine, Victoria Wharf,",CF11_0SB,"215,000",Flat, Leasehold,11-Mar-19,NaN
"16, Ezel Court, Heol Glan Rheidol,",CF10_5NS,"234,950",Flat, Leasehold,11-Mar-19,NaN
"Flat 7 Ashgrove Court, 193, Road,",CF24_1AJ,"150,000",Flat, Leasehold,11-Mar-19,NaN
"74, Park Avenue, Whitchurch,",CF14_7AN,"285,000",Semi-Detached, Freehold,8-Mar-19,2 bedrooms
"31, Denison Way",CF5_4SF,"312,500",Detached, Freehold,8-Mar-19,4 bedrooms
"Apartment 57, Bayscape Marina, Watkiss Way,",CF11_0TB,"168,000",Flat, Leasehold,8-Mar-19,NaN
"147, Fairwood Road",CF5_3QH,"119,000",Flat, Leasehold,8-Mar-19,2 bedrooms
"9, Cressfield Drive, Pontprennau,",CF23_8NT,"220,000",Terraced, Freehold,8-Mar-19,3 bedrooms
"23, Tintagel Close, Thornhill,",CF14_9AS,"150,000",Terraced, Freehold,8-Mar-19,1 bedroom
"100, Wellwood, Llanedeyrn,",CF23_9JR,"240,000",Semi-Detached, Leasehold,8-Mar-19,5 bedrooms
"134, South Clive Street,",CF11_7EF,"212,000",Semi-Detached, Freehold,8-Mar-19,3 bedrooms
"11, Nant Y Plac",CF5_4UE,"145,000",Terraced, Freehold,8-Mar-19,2 bedrooms
"41, Cranbourne Way, Pontprennau,",CF23_8SL,"195,000",Semi-Detached, Freehold,8-Mar-19,2 bedrooms
"26, Fairwood Road",CF5_3QJ,"122,500",Flat, Leasehold,8-Mar-19,2 bedrooms
"61, Ridgeway, Lisvane,",CF14_0RR,"483,000",Detached, Freehold,8-Mar-19,5 bedrooms
"51, Horwood Close,",CF24_2LW,"172,500",Terraced, Freehold,8-Mar-19,2 bedrooms
"722, Alexandria, Victoria Wharf,",CF11_0SF,"155,000",Flat, Leasehold,8-Mar-19,NaN
"2, Morris Avenue, Llanishen,",CF14_5JU,"190,000",Semi-Detached, Freehold,8-Mar-19,3 bedrooms
"22, Kerrycroy Street,",CF24_2AQ,"136,760",Terraced, Freehold,8-Mar-19,2 bedrooms
"47, Bryn Y Nant, Llanedeyrn,",CF23_9PA,"152,500",Semi-Detached, Freehold,8-Mar-19,3 bedrooms
"7, Clos Yr Alarch,",CF14_9JD,"193,500",Semi-Detached, Freehold,8-Mar-19,2 bedrooms
"15, Landmark Place,",CF10_2HS,"235,000",Flat, Leasehold,8-Mar-19,NaN
"20, Ffordd James Mcghan,",CF11_7JT,"130,000",Flat, Leasehold,8-Mar-19,NaN
"15, Duxford Close",CF5_2PR,"245,000",Detached, Freehold,8-Mar-19,3 bedrooms
"15, Landmark Place,",CF10_2HS,"235,000",Flat, Leasehold,8-Mar-19,NaN
"2, Morris Avenue, Llanishen,",CF14_5JU,"190,000",Semi-Detached, Freehold,8-Mar-19,3 bedrooms
"137, Ael Y Bryn, Llanedeyrn,",CF23_9LH,"215,000",Terraced, Freehold,8-Mar-19,4 bedrooms
"22, Trem Y Rhyd, St Fagans",CF5_6FW,"389,995",Detached, Freehold,8-Mar-19,NaN
"9, Craiglee Drive,",CF10_4BN,"200,000",Semi-Detached, Freehold,8-Mar-19,2 bedrooms
"52, Avondale Gardens South,",CF11_7DZ,"183,000",Terraced, Freehold,8-Mar-19,2 bedrooms
"3, Glenrise Close, St Mellons",CF3_0AS,"163,000",Semi-Detached, Freehold,8-Mar-19,3 bedrooms
"72, Gelligaer Street,",CF24_4LB,"235,000",Terraced, Freehold,8-Mar-19,3 bedrooms
"5a, Agate Street,",CF24_1PF,"90,000",Flat, Leasehold,8-Mar-19,1 bedroom
"78, Harrison Drive, St Mellons",CF3_0PJ,"210,000",Detached, Freehold,8-Mar-19,4 bedrooms
"113, Madoc Road,",CF24_2SZ,"157,000",Semi-Detached, Freehold,8-Mar-19,3 bedrooms
"17, Manston Close",CF5_2EW,"150,000",Terraced, Freehold,8-Mar-19,2 bedrooms
"Flat 110, Glendower Court, Velindre Road,",CF14_2TZ,"130,000",Flat, Leasehold,8-Mar-19,2 bedrooms
"68, Coed Cochwyn Avenue, Llanishen,",CF14_5BU,"225,000",Semi-Detached, Freehold,8-Mar-19,NaN
"4, Tweedsmuir Road,",CF24_2RD,"140,000",Terraced, Freehold,7-Mar-19,3 bedrooms
"Apartment 29, Schooner Wharf, Schooner Drive,",CF10_4ET,"199,950",Flat, Leasehold,7-Mar-19,NaN
"105, Wyncliffe Gardens,",CF23_7FB,"132,000",Flat, Leasehold,7-Mar-19,NaN
"4, Pantbach Place,",CF14_1UN,"300,000",Detached, Freehold,7-Mar-19,NaN
"12, Tydfil Place,",CF23_5HP,"380,000",Terraced, Freehold,7-Mar-19,4 bedrooms
"22, Inverness Place,",CF24_4RZ,"165,000",Terraced, Freehold,7-Mar-19,2 bedrooms
"7, Ogmore Road",CF5_5HT,"56,000",Flat, Leasehold,7-Mar-19,1 bedroom
"9, Holgate Close",CF5_2PE,"195,000",Terraced, Freehold,7-Mar-19,3 bedrooms
"5, Armoury Drive,",CF14_4NP,"240,000",Terraced, Freehold,7-Mar-19,4 bedrooms
"5, Kirton Close",CF5_2NB,"280,000",Semi-Detached, Freehold,7-Mar-19,3 bedrooms
"11, Waterford Close,",CF11_8JN,"162,500",Semi-Detached, Freehold,7-Mar-19,NaN
"112, Glan Y Ffordd, Taffs Well, , Rhondda Cynon Taff",CF15_7SP,"195,000",Terraced, Freehold,7-Mar-19,3 bedrooms
"14, Cyntwell Crescent",CF5_5QG,"160,000",Terraced, Freehold,6-Mar-19,3 bedrooms
"20, Ty Rhiw, Taffs Well, , Rhondda Cynon Taff",CF15_7RT,"168,000",Semi-Detached, Freehold,6-Mar-19,3 bedrooms
"29, Heol Dewi Sant,",CF14_4NN,"210,000",Terraced, Freehold,6-Mar-19,3 bedrooms
"25, Velindre Place,",CF14_2AN,"345,000",Terraced, Freehold,6-Mar-19,3 bedrooms
"76, Bryn Haidd,",CF23_7JP,"137,000",Terraced, Freehold,6-Mar-19,2 bedrooms
"94, Wyncliffe Gardens,",CF23_7FB,"123,500",Flat, Leasehold,6-Mar-19,2 bedrooms
"26, Pen Y Bryn Road, Gabalfa,",CF14_3LG,"265,000",Terraced, Freehold,6-Mar-19,NaN
"62, Bishops Road, Whitchurch,",CF14_1LW,"737,000",Detached, Freehold,6-Mar-19,4 bedrooms
"Tan Y Wenallt, 3, Troed Y Rhiw, Rhiwbina,",CF14_6UR,"540,000",Detached, Freehold,6-Mar-19,3 bedrooms
"44, The Cube, 165 - 167, Cowbridge Road East,",CF11_9AH,"97,000",Flat, Leasehold,6-Mar-19,NaN
"46, Cefn Graig, Rhiwbina,",CF14_6SX,"114,000",Flat, Leasehold,6-Mar-19,2 bedrooms
"Flat 54, Bishopston House, The Crescent, Llandaff",CF5_2DL,"171,000",Flat, Leasehold,5-Mar-19,2 bedrooms
"Apartment 23, Empire House, Mount Stuart Square,",CF10_5LR,"247,500",Flat, Leasehold,5-Mar-19,NaN
"170, Overstone Court,",CF10_5NW,"127,000",Flat, Leasehold,5-Mar-19,NaN
"11a, Heol Llinos, Thornhill,",CF14_9JF,"115,500",Flat, Leasehold,5-Mar-19,1 bedroom
"3, Ffordd James Mcghan,",CF11_7JT,"132,000",Flat, Leasehold,5-Mar-19,2 bedrooms
"38, Windway Road",CF5_1AF,"245,000",Terraced, Freehold,5-Mar-19,3 bedrooms
"21, Trem Y Rhyd, St Fagans",CF5_6FT,"344,995",Detached, Freehold,5-Mar-19,NaN
"13, Lilburne Close, Pontprennau,",CF23_8LW,"190,000",Semi-Detached, Freehold,5-Mar-19,2 bedrooms
"2, Brandreth Gardens,",CF23_5NJ,"397,000",Detached, Freehold,4-Mar-19,4 bedrooms
"29, Clos Alyn, Pontprennau,",CF23_8LB,"187,000",Terraced, Freehold,4-Mar-19,2 bedrooms
"18, Caerau Lane",CF5_5HP,"175,000",Semi-Detached, Freehold,4-Mar-19,NaN
"28, Everswell Road",CF5_3DJ,"212,000",Semi-Detached, Freehold,4-Mar-19,3 bedrooms
"118, Pethybridge Road",CF5_4DU,"160,000",Semi-Detached, Freehold,4-Mar-19,4 bedrooms
"38, Crundale Crescent, Llanishen,",CF14_5PY,"225,000",Semi-Detached, Freehold,4-Mar-19,3 bedrooms
"8, Cantref Close, Thornhill,",CF14_9HF,"182,500",Terraced, Freehold,4-Mar-19,2 bedrooms
"49, Millrace Close, Lisvane,",CF14_0UQ,"425,000",Detached, Leasehold,1-Mar-19,4 bedrooms
"35, Coedriglan Drive",CF5_4UN,"204,000",Semi-Detached, Freehold,1-Mar-19,3 bedrooms
"27, Upper Kincraig Street, Roath,",CF24_3HA,"198,000",Terraced, Freehold,1-Mar-19,2 bedrooms
"10, Aston Place, St Mellons",CF3_0PH,"232,000",Detached, Freehold,1-Mar-19,4 bedrooms
"1, Deepfield Close",CF5_4SH,"255,000",Detached, Freehold,1-Mar-19,4 bedrooms
"18, Arran Street,",CF24_3HS,"225,500",Terraced, Freehold,1-Mar-19,4 bedrooms
"Flat 22, Harlech Court, Curlew Close,",CF14_1BP,"95,000",Flat, Leasehold,1-Mar-19,1 bedroom
"9, Caerwent Road",CF5_4QB,"125,000",Terraced, Freehold,1-Mar-19,2 bedrooms
"15, Swallowhurst Close",CF5_4TF,"209,000",Terraced, Leasehold,1-Mar-19,3 bedrooms
"31, Clovelly Crescent, Llanrumney",CF3_4JR,"127,500",Semi-Detached, Freehold,1-Mar-19,NaN
"61, Ardwyn,",CF14_7HD,"385,000",Detached, Freehold,1-Mar-19,4 bedrooms
"15, Kewstoke Avenue, Llanrumney",CF3_4DB,"185,000",Semi-Detached, Freehold,1-Mar-19,3 bedrooms
"119, Mallards Reach, Marshfield, ",CF3_2NL,"342,000",Detached, Freehold,1-Mar-19,5 bedrooms
"100, Monthermer Road,",CF24_4QY,"130,000",Flat, Freehold,1-Mar-19,2 bedrooms
"39, Dogfield Street,",CF24_4QL,"230,000",Detached, Freehold,1-Mar-19,3 bedrooms
"Apartment 96, Bayscape Marina, Watkiss Way,",CF11_0TB,"210,000",Flat, Leasehold,1-Mar-19,NaN
"12, Morel Court,",CF11_7FF,"135,000",Flat, Leasehold,1-Mar-19,2 bedrooms
"Flat 27, Wentloog Court, Wentloog Road, Rumney",CF3_3ET,"81,000",Flat, Leasehold,1-Mar-19,NaN
"72, Cottingham Drive, Pontprennau,",CF23_8QG,"235,000",Semi-Detached, Freehold,1-Mar-19,3 bedrooms
"115, Coed Edeyrn, Llanedeyrn,",CF23_9JX,"109,000",Terraced, Leasehold,1-Mar-19,2 bedrooms
"50, Bardsey Crescent, Llanishen,",CF14_5LA,"210,000",Semi-Detached, Freehold,1-Mar-19,3 bedrooms
"3, Axminster Road,",CF23_5AR,"390,000",Terraced, Freehold,1-Mar-19,3 bedrooms
"106, Railway Street,",CF24_2NF,"136,500",Terraced, Freehold,1-Mar-19,3 bedrooms
"5, Belle Vue Crescent,",CF14_2FJ,"292,500",Terraced, Freehold,1-Mar-19,3 bedrooms
"10, Quarry Dale, Rumney",CF3_3BR,"249,000",Semi-Detached, Freehold,1-Mar-19,3 bedrooms
"79, Johnston Road, Llanishen,",CF14_5HH,"235,000",Semi-Detached, Freehold,1-Mar-19,3 bedrooms
"31, Parracombe Crescent, Llanrumney",CF3_5LS,"180,000",Semi-Detached, Freehold,1-Mar-19,3 bedrooms
"17, Turnham Green, Penylan,",CF23_9DL,"328,000",Semi-Detached, Freehold,1-Mar-19,3 bedrooms
"3, Axminster Road,",CF23_5AR,"390,000",Terraced, Freehold,1-Mar-19,3 bedrooms
"121, Carisbrooke Way,",CF23_9HU,"279,000",Detached, Freehold,1-Mar-19,3 bedrooms
"257, Railway Street,",CF24_2ND,"130,000",Terraced, Freehold,1-Mar-19,2 bedrooms
"26, Mayfield Avenue",CF5_1AN,"358,000",Terraced, Freehold,28-Feb-19,4 bedrooms
"22, Marysfield Close, Marshfield, ",CF3_2TY,"155,000",Semi-Detached, Freehold,28-Feb-19,3 bedrooms
"47, Coed Cochwyn Avenue, Llanishen,",CF14_5BT,"187,500",Semi-Detached, Freehold,28-Feb-19,3 bedrooms
"51, Lascelles Drive, Pontprennau,",CF23_8NU,"175,000",Semi-Detached, Freehold,28-Feb-19,2 bedrooms
"185, Allensbank Road,",CF14_3QY,"285,000",Terraced, Freehold,28-Feb-19,4 bedrooms
"24, Addison Crescent",CF5_4LY,"90,000",Terraced, Freehold,28-Feb-19,2 bedrooms
"31, Mill Road, Lisvane,",CF14_0XH,"710,000",Detached, Freehold,28-Feb-19,4 bedrooms
"76, Heol Eglwys",CF5_5PA,"160,000",Semi-Detached, Freehold,28-Feb-19,3 bedrooms
"Flat 2, The Retreat, The Chantry, Llandaff",CF5_2NT,"252,000",Flat, Leasehold,28-Feb-19,2 bedrooms
"60, Tweedsmuir Road,",CF24_2RE,"128,000",Terraced, Freehold,28-Feb-19,3 bedrooms
"1, Nursery Court, Lisvane,",CF14_0TR,"680,000",Detached, Freehold,28-Feb-19,NaN
"38, Penmaen Walk",CF5_4TP,"205,000",Semi-Detached, Freehold,28-Feb-19,3 bedrooms
"65, Picca Close, , The Vale Of Glamorga",CF5_6XR,"295,300",Detached, Freehold,28-Feb-19,NaN
"8, Swanage Close, St Mellons",CF3_0LS,"200,000",Semi-Detached, Freehold,28-Feb-19,3 bedrooms
"8, Ferndale Street,",CF11_7BA,"215,000",Terraced, Freehold,28-Feb-19,4 bedrooms
"86, New Zealand Road,",CF14_3BS,"248,000",Terraced, Freehold,28-Feb-19,3 bedrooms
"41, Havannah Street,",CF10_5SF,"410,000",Flat, Leasehold,28-Feb-19,NaN
"50, Hampton Crescent East,",CF23_6RG,"175,000",Semi-Detached, Freehold,28-Feb-19,NaN
"41, Havannah Street,",CF10_5SF,"410,000",Flat, Leasehold,28-Feb-19,NaN
"86, New Zealand Road,",CF14_3BS,"248,000",Terraced, Freehold,28-Feb-19,3 bedrooms
"8, Swanage Close, St Mellons",CF3_0LS,"200,000",Semi-Detached, Freehold,28-Feb-19,3 bedrooms
"43, Manor Rise,",CF14_1QH,"260,000",Detached, Freehold,28-Feb-19,NaN
"151, Mortimer Avenue, Old St Mellons",CF3_6YG,"254,995",Semi-Detached, Freehold,28-Feb-19,NaN
"16, Kerrycroy Street,",CF24_2AQ,"117,000",Terraced, Freehold,28-Feb-19,1 bedroom
"10, Trem Y Coed, St Fagans",CF5_6FB,"435,000",Detached, Freehold,28-Feb-19,NaN
"1, Hornbeam Close, St Mellons",CF3_0JA,"160,000",Semi-Detached, Freehold,28-Feb-19,3 bedrooms
"66, Lansdowne Avenue West, Canton,",CF11_8FT,"205,000",Terraced, Freehold,28-Feb-19,3 bedrooms
"34, Maes Ifor, Taffs Well, , Rhondda Cynon Taff",CF15_7AS,"165,000",Semi-Detached, Freehold,28-Feb-19,2 bedrooms
"44, Pencisely Crescent",CF5_1DT,"395,000",Semi-Detached, Freehold,28-Feb-19,3 bedrooms
"155, Pen Y Dre, Rhiwbina,",CF14_6EN,"279,950",Semi-Detached, Freehold,28-Feb-19,3 bedrooms
"10, St Marys Court, , The Vale Of Glamorga",CF5_5PU,"225,000",Detached, Freehold,28-Feb-19,4 bedrooms
"29, Campbell Drive,",CF11_7QE,"265,000",Semi-Detached, Freehold,28-Feb-19,2 bedrooms
"125, Templeton Avenue, Llanishen,",CF14_5JJ,"180,000",Terraced, Freehold,28-Feb-19,3 bedrooms
"9, Havenwood Drive, Thornhill,",CF14_9HX,"385,000",Detached, Freehold,28-Feb-19,4 bedrooms
"63, Glastonbury Terrace, Llanrumney",CF3_4HB,"188,600",Semi-Detached, Freehold,28-Feb-19,3 bedrooms
"43, Kyle Crescent,",CF14_1ST,"347,500",Semi-Detached, Freehold,28-Feb-19,4 bedrooms
"176, Overstone Court,",CF10_5NW,"164,500",Flat, Leasehold,28-Feb-19,NaN
"74, Glamorgan Street",CF5_1QT,"259,600",Terraced, Freehold,28-Feb-19,3 bedrooms
"2, Thompson Place",CF5_1DW,"510,000",Semi-Detached, Freehold,28-Feb-19,NaN
"6, Brandreth Gardens,",CF23_5NJ,"425,000",Terraced, Freehold,28-Feb-19,4 bedrooms
"32, Llys Dewi, Creigiau,",CF15_9JY,"147,000",Terraced, Freehold,28-Feb-19,2 bedrooms
"290, Picton, Victoria Wharf,",CF11_0SG,"155,000",Flat, Leasehold,28-Feb-19,NaN
"68, Goetre Fawr, Radyr,",CF15_8EU,"379,950",Detached, Freehold,28-Feb-19,4 bedrooms
"16, Shirley Road,",CF23_5HN,"319,500",Terraced, Freehold,27-Feb-19,4 bedrooms
"Flat 3, Lisnagarvey Court, Caer Wenallt,",CF14_7HA,"132,000",Flat, Leasehold,27-Feb-19,NaN
"98, Cowbridge Road West",CF5_5BT,"158,000",Semi-Detached, Freehold,27-Feb-19,3 bedrooms
"1, Lon Cae Porth,",CF14_6QL,"335,000",Semi-Detached, Freehold,27-Feb-19,4 bedrooms
"62, Harrowby Street,",CF10_5GA,"139,950",Flat, Leasehold,27-Feb-19,2 bedrooms
"45, Clos Dewi Sant, Canton,",CF11_9EW,"150,000",Flat, Leasehold,27-Feb-19,1 bedroom
"51, Pendine Road",CF5_4BN,"120,000",Flat, Freehold,27-Feb-19,2 bedrooms
"27, Lake Road West,",CF23_5PG,"450,000",Semi-Detached, Freehold,27-Feb-19,4 bedrooms
"3, Staines Street",CF5_1GP,"310,000",Terraced, Freehold,27-Feb-19,3 bedrooms
"2b, Heathfield Place,",CF14_3JZ,"127,000",Terraced, Leasehold,27-Feb-19,1 bedroom
"4, Cambridge Street,",CF11_7DH,"110,000",Terraced, Freehold,27-Feb-19,3 bedrooms
"Apartment 29, Amity Court, Longueil Close,",CF10_4EA,"127,000",Flat, Leasehold,27-Feb-19,1 bedroom
"20, Road, Llandaff",CF5_2DR,"252,500",Semi-Detached, Freehold,26-Feb-19,3 bedrooms
"88, Christina Street,",CF10_5HN,"155,000",Terraced, Freehold,26-Feb-19,3 bedrooms
"15, Stanway Road",CF5_4JE,"98,000",Semi-Detached, Freehold,26-Feb-19,NaN
"79, Oakway",CF5_3EH,"130,000",Terraced, Freehold,26-Feb-19,3 bedrooms
"127, Moy Road,",CF24_4TF,"182,000",Terraced, Freehold,25-Feb-19,2 bedrooms
"12, Lionel Road, Canton",CF5_1HN,"210,000",Terraced, Freehold,25-Feb-19,3 bedrooms
"30, Amberley Close, Pontprennau,",CF23_8AY,"238,000",Semi-Detached, Freehold,25-Feb-19,4 bedrooms
"25, Sanquhar Street,",CF24_2AB,"165,150",Terraced, Freehold,25-Feb-19,3 bedrooms
"35, Pen Y Peel Road",CF5_1QY,"330,000",Terraced, Freehold,25-Feb-19,4 bedrooms
"42, Tewkesbury Place,",CF24_4QU,"219,000",Terraced, Freehold,25-Feb-19,3 bedrooms
"134, Malefant Street,",CF24_4QF,"225,000",Terraced, Freehold,25-Feb-19,3 bedrooms
"3, Owain Close,",CF23_6HN,"515,000",Detached, Freehold,25-Feb-19,4 bedrooms
"3, Owain Close,",CF23_6HN,"515,000",Detached, Freehold,25-Feb-19,4 bedrooms
"Flat 6, Denbigh Court, Curlew Close,",CF14_1BL,"88,000",Flat, Leasehold,22-Feb-19,1 bedroom
"5, Heol Ffynnon Wen,",CF14_7TN,"345,000",Semi-Detached, Freehold,22-Feb-19,4 bedrooms
"26, Fairwater Grove West",CF5_2JQ,"255,000",Semi-Detached, Freehold,22-Feb-19,3 bedrooms
"2, Clos Y Ceinach, Thornhill,",CF14_9EX,"388,000",Detached, Freehold,22-Feb-19,4 bedrooms
"1, Woodland Crescent, Cyncoed,",CF23_6BU,"494,000",Semi-Detached, Freehold,22-Feb-19,3 bedrooms
"81, Ethel Street",CF5_1EN,"232,500",Terraced, Freehold,22-Feb-19,3 bedrooms
"43, Ardwyn,",CF14_7HB,"259,000",Semi-Detached, Leasehold,22-Feb-19,NaN
"16, Llwyn Grug,",CF14_6LN,"125,000",Flat, Leasehold,22-Feb-19,2 bedrooms
"13, Beulah Road,",CF14_6LT,"582,000",Semi-Detached, Freehold,22-Feb-19,4 bedrooms
"9, Digby Close",CF5_2PS,"173,000",Terraced, Freehold,22-Feb-19,2 bedrooms
"21, Solva Avenue,",CF14_0NP,"303,000",Semi-Detached, Freehold,22-Feb-19,3 bedrooms
"205, Inverness Place,",CF24_4RY,"190,000",Terraced, Freehold,22-Feb-19,3 bedrooms
"12, Grafton Terrace,",CF14_6AU,"305,000",Terraced, Freehold,22-Feb-19,3 bedrooms
"116, Johnston Road, Llanishen,",CF14_5HJ,"195,000",Terraced, Freehold,22-Feb-19,3 bedrooms
"17, Penuel Road, Pentyrch,",CF15_9QJ,"204,500",Terraced, Freehold,22-Feb-19,3 bedrooms
"56, Craddock Street,",CF11_6EU,"165,000",Terraced, Freehold,22-Feb-19,NaN
"79, Highmead Road",CF5_4GX,"130,000",Semi-Detached, Freehold,22-Feb-19,3 bedrooms
"60, Mayflower Avenue, Llanishen,",CF14_5HR,"305,000",Semi-Detached, Freehold,22-Feb-19,4 bedrooms
"31, Compton Street,",CF11_6TJ,"130,000",Terraced, Freehold,22-Feb-19,2 bedrooms
"25, Willows Avenue,",CF24_2ST,"125,000",Semi-Detached, Freehold,22-Feb-19,2 bedrooms
"38, Aberdulais Road,",CF14_2PJ,"212,000",Semi-Detached, Freehold,22-Feb-19,3 bedrooms
"7, Westbourne Road,",CF14_2BP,"550,000",Semi-Detached, Freehold,22-Feb-19,4 bedrooms
"8, St Gowan Avenue,",CF14_4JX,"437,500",Semi-Detached, Freehold,22-Feb-19,4 bedrooms
"7, Ireton Close, Pontprennau,",CF23_8LQ,"212,000",Semi-Detached, Freehold,22-Feb-19,3 bedrooms
"7, Ireton Close, Pontprennau,",CF23_8LQ,"212,000",Semi-Detached, Freehold,22-Feb-19,3 bedrooms
"Apartment 33, Llys Faith, Ilex Close, Llanishen,",CF14_5FN,"352,000",Flat, Leasehold,22-Feb-19,NaN
"12, Clos Coed Hir, Whitchurch,",CF14_7BG,"356,000",Terraced, Freehold,22-Feb-19,4 bedrooms
"6, Arnold Avenue, Llanrumney",CF3_5PP,"149,500",Terraced, Freehold,22-Feb-19,3 bedrooms
"38, Aberdulais Road,",CF14_2PJ,"212,000",Semi-Detached, Freehold,22-Feb-19,3 bedrooms
"7, Westbourne Road,",CF14_2BP,"550,000",Semi-Detached, Freehold,22-Feb-19,4 bedrooms
"8, St Gowan Avenue,",CF14_4JX,"437,500",Semi-Detached, Freehold,22-Feb-19,4 bedrooms
"34, Beaufort Square,",CF24_2UA,"231,000",Semi-Detached, Freehold,22-Feb-19,4 bedrooms
"59, Sanderling Drive, St Mellons",CF3_0DH,"136,500",Terraced, Freehold,22-Feb-19,2 bedrooms
"14, Towy Road,",CF14_0NS,"415,000",Detached, Freehold,22-Feb-19,4 bedrooms
"Apartment 34, Schooner Wharf, Schooner Drive,",CF10_4ET,"133,000",Flat, Leasehold,22-Feb-19,NaN
"70, Cypress Crescent, St Mellons",CF3_2WL,"372,500",Detached, Freehold,22-Feb-19,NaN
"2a, Llanover Road",CF5_4TH,"186,000",Detached, Freehold,22-Feb-19,2 bedrooms
"267, Moorland Road,",CF24_2LJ,"190,000",Terraced, Freehold,22-Feb-19,3 bedrooms
"45, Pritchard Court, Road, Llandaff",CF5_2DE,"160,000",Flat, Leasehold,22-Feb-19,NaN
"97, Aberporth Road,",CF14_2PQ,"110,000",Terraced, Freehold,22-Feb-19,3 bedrooms
"2f, Heol Llanishen Fach,",CF14_6LD,"160,000",Flat, Leasehold,22-Feb-19,2 bedrooms
"22, Heol Gwilym",CF5_3LF,"219,950",Semi-Detached, Freehold,21-Feb-19,3 bedrooms
"54, Usk Road,",CF14_0NN,"650,000",Detached, Freehold,21-Feb-19,NaN
"126, Seager Drive,",CF11_7FE,"147,000",Flat, Leasehold,21-Feb-19,2 bedrooms
"9, Elaine Close, Thornhill,",CF14_9AT,"255,000",Semi-Detached, Freehold,21-Feb-19,3 bedrooms
"16, Shearman Place,",CF11_7FA,"174,000",Terraced, Freehold,21-Feb-19,2 bedrooms
"13, Amherst Street,",CF11_7DR,"165,000",Terraced, Freehold,21-Feb-19,4 bedrooms
"56, Rowsby Court, Pontprennau,",CF23_8FG,"132,000",Flat, Leasehold,21-Feb-19,2 bedrooms
"123, Fairwood Road",CF5_3QG,"90,000",Flat, Leasehold,21-Feb-19,NaN
"96, Coed Edeyrn, Llanedeyrn,",CF23_9JW,"79,000",Flat, Leasehold,21-Feb-19,1 bedroom
"Apartment 36 Block 3, The Risings, Bridge Road, Old St Mellons",CF3_6AX,"125,995",Flat, Leasehold,21-Feb-19,NaN
"175, Pearl Street,",CF24_1RD,"165,000",Semi-Detached, Freehold,21-Feb-19,2 bedrooms
"11, Great Ormes House, Ferry Court,",CF11_0JD,"156,500",Flat, Leasehold,21-Feb-19,NaN
"155, St Fagans Road",CF5_3AG,"300,000",Terraced, Freehold,21-Feb-19,3 bedrooms
"18, St Fagans Street,",CF11_7LG,"166,000",Terraced, Freehold,21-Feb-19,3 bedrooms
"38, Roche Crescent",CF5_3PY,"111,000",Flat, Leasehold,21-Feb-19,2 bedrooms
"14, Coedriglan Drive",CF5_4UN,"246,000",Detached, Freehold,21-Feb-19,3 bedrooms
"116, Burnham Avenue, Llanrumney",CF3_5LL,"195,000",Semi-Detached, Freehold,20-Feb-19,3 bedrooms
"2, Parker Place",CF5_4NS,"54,000",Terraced, Freehold,20-Feb-19,NaN
"166, Glenwood,",CF23_6UW,"190,000",Terraced, Freehold,20-Feb-19,3 bedrooms
"52, Heol Powis,",CF14_4PH,"249,999",Semi-Detached, Freehold,20-Feb-19,3 bedrooms
"178, Wyncliffe Gardens,",CF23_7FD,"340,000",Detached, Freehold,20-Feb-19,NaN
"102, Strathnairn Street,",CF24_3JP,"137,500",Terraced, Freehold,20-Feb-19,2 bedrooms
"43, Mackintosh Place,",CF24_4RJ,"177,000",Terraced, Freehold,20-Feb-19,3 bedrooms
"26, Ridgeway Road, Rumney",CF3_4AE,"105,000",Flat, Leasehold,20-Feb-19,2 bedrooms
"17, Pentland Close, Llanishen,",CF14_5BB,"105,000",Flat, Leasehold,20-Feb-19,1 bedroom
"9, Caer Wenallt,",CF14_7HN,"270,000",Semi-Detached, Freehold,20-Feb-19,3 bedrooms
"40, Heol Staughton,",CF10_5FS,"111,000",Flat, Leasehold,20-Feb-19,NaN
"63, Bronte Crescent, Llanrumney",CF3_5PJ,"161,000",Semi-Detached, Freehold,20-Feb-19,4 bedrooms
"3, Hillcot Close, Lisvane,",CF14_0TN,"522,000",Detached, Freehold,19-Feb-19,4 bedrooms
"34, Pant Glas,",CF23_7EU,"157,000",Semi-Detached, Freehold,19-Feb-19,3 bedrooms
"5, Courtenay Road,",CF24_2JP,"219,950",Terraced, Freehold,19-Feb-19,3 bedrooms
"68, Arudur Hen, Radyr,",CF15_8FX,"230,000",Semi-Detached, Freehold,19-Feb-19,NaN
"19, Wicken Close, St Mellons",CF3_0SE,"192,500",Terraced, Freehold,19-Feb-19,3 bedrooms
"199, Wentloog Road, Rumney",CF3_3HF,"225,000",Semi-Detached, Freehold,19-Feb-19,3 bedrooms
"62, Heol Llinos, Thornhill,",CF14_9JF,"140,000",Flat, Leasehold,19-Feb-19,2 bedrooms
"Vienna House, 45, Penstone Court,",CF10_5NL,"138,000",Flat, Leasehold,19-Feb-19,NaN
"11, Hydrangea Close,",CF23_7HT,"233,500",Terraced, Freehold,19-Feb-19,3 bedrooms
"9, Anstee Court,",CF11_8HF,"114,500",Terraced, Freehold,18-Feb-19,NaN
"22, Asgog Street,",CF24_2AR,"136,000",Terraced, Freehold,18-Feb-19,2 bedrooms
"7, Clos Nant Ddu, Pontprennau,",CF23_8LF,"267,500",Detached, Freehold,18-Feb-19,3 bedrooms
"9, Tatham Road, Llanishen,",CF14_5FD,"150,000",Flat, Leasehold,18-Feb-19,2 bedrooms
"17, Havannah Street,",CF10_5SF,"162,000",Flat, Leasehold,18-Feb-19,1 bedroom
"39, Lincoln Court, Llanedeyrn,",CF23_9NA,"97,000",Flat, Leasehold,18-Feb-19,3 bedrooms
"3, Clos Nant Ddu, Pontprennau,",CF23_8LF,"176,500",Terraced, Freehold,18-Feb-19,2 bedrooms
"46, Llys Pegasus, Ty Glas Road, Llanishen,",CF14_5ER,"140,000",Flat, Leasehold,18-Feb-19,NaN
"82, Ffordd Nowell, Penylan,",CF23_9FB,"270,000",Semi-Detached, Freehold,15-Feb-19,NaN
"15, Cathcob Close, St Mellons",CF3_0AH,"85,000",Terraced, Freehold,15-Feb-19,NaN
"12, The Avenue, Whitchurch,",CF14_2EG,"532,500",Semi-Detached, Freehold,15-Feb-19,4 bedrooms
"29, Bessborough Drive,",CF11_8NE,"171,000",Terraced, Freehold,15-Feb-19,2 bedrooms
"27, Brynbala Way, Rumney",CF3_1SY,"200,000",Semi-Detached, Freehold,15-Feb-19,3 bedrooms
"34, Heol Llanishen Fach,",CF14_6LE,"325,000",Semi-Detached, Freehold,15-Feb-19,3 bedrooms
"16, Lily Street,",CF24_3EB,"173,000",Terraced, Freehold,15-Feb-19,2 bedrooms
"5, Clos Y Blaidd, Thornhill,",CF14_9HL,"350,000",Detached, Freehold,15-Feb-19,5 bedrooms
"26, Longcross Street,",CF24_0JW,"215,000",Terraced, Freehold,15-Feb-19,3 bedrooms
"15, Doe Close, Penylan,",CF23_9HJ,"265,000",Terraced, Freehold,15-Feb-19,4 bedrooms
"69, Pomeroy Street,",CF10_5GT,"169,000",Terraced, Freehold,15-Feb-19,2 bedrooms
"14, Clos Treoda,",CF14_6DL,"137,000",Flat, Leasehold,15-Feb-19,2 bedrooms
"65, Coryton Crescent,",CF14_7EQ,"336,000",Semi-Detached, Freehold,15-Feb-19,NaN
"Flat 3, Hamilton Court, 373 - 375, Cowbridge Road East",CF5_1JF,"134,000",Flat, Leasehold,15-Feb-19,NaN
"1, Tythe Cottage, Church Lane, Marshfield, ",CF3_2UF,"285,000",Semi-Detached, Freehold,15-Feb-19,NaN
"34, Heath Halt Road,",CF23_5QF,"215,000",Flat, Leasehold,15-Feb-19,2 bedrooms
"28, Tyn Y Parc Road,",CF14_6BN,"280,000",Detached, Freehold,15-Feb-19,3 bedrooms
"76, Llanedeyrn Road, Penylan,",CF23_9DY,"240,000",Semi-Detached, Freehold,15-Feb-19,3 bedrooms
"Apartment 25, Schooner Wharf, Schooner Drive,",CF10_4ET,"125,000",Flat, Leasehold,15-Feb-19,NaN
"4, Duncan Close, St Mellons",CF3_1NP,"165,000",Terraced, Freehold,15-Feb-19,2 bedrooms
"193, Moorland Road,",CF24_2LH,"182,500",Terraced, Freehold,15-Feb-19,3 bedrooms
"9, Smeaton Street,",CF11_6EF,"165,000",Terraced, Freehold,15-Feb-19,3 bedrooms
"9, Llantarnam Road,",CF14_3EF,"185,000",Semi-Detached, Freehold,15-Feb-19,3 bedrooms
"19, Avondale Road,",CF11_7DT,"230,000",Semi-Detached, Freehold,15-Feb-19,3 bedrooms
"1, Clos Y Gof",CF5_4QQ,"355,000",Detached, Freehold,15-Feb-19,4 bedrooms
"31, Cosmeston Street,",CF24_4LP,"257,000",Terraced, Freehold,15-Feb-19,3 bedrooms
"6, Kyle Crescent,",CF14_1SW,"372,000",Semi-Detached, Freehold,15-Feb-19,3 bedrooms
"37, Radnor Road",CF5_1RA,"280,000",Terraced, Freehold,15-Feb-19,3 bedrooms
"90, Ely Road",CF5_2JH,"382,000",Semi-Detached, Freehold,15-Feb-19,3 bedrooms
"51, Foreland Road,",CF14_7AS,"640,000",Semi-Detached, Freehold,15-Feb-19,5 bedrooms
"13, Coed Glas Road, Llanishen,",CF14_5EJ,"295,000",Semi-Detached, Freehold,15-Feb-19,3 bedrooms
"Flat 4, Rinaston Court, Fairwater Road",CF5_2LJ,"140,000",Flat, Leasehold,15-Feb-19,2 bedrooms
"16, Elford Road",CF5_4HZ,"126,000",Terraced, Freehold,15-Feb-19,2 bedrooms
"7a, Heol Y Felin, Rhiwbina,",CF14_6NB,"420,000",Detached, Freehold,15-Feb-19,3 bedrooms
"4, Llangynidr Road",CF5_3BS,"220,000",Semi-Detached, Freehold,15-Feb-19,NaN
"16, Romilly Road West",CF5_1FT,"230,000",Terraced, Freehold,15-Feb-19,3 bedrooms
"10, Duncan Close, St Mellons",CF3_1NP,"174,000",Semi-Detached, Freehold,15-Feb-19,3 bedrooms
"45, Heol Y Pentre, Pentyrch,",CF15_9QD,"500,000",Detached, Freehold,15-Feb-19,4 bedrooms
"4, Llangynidr Road",CF5_3BS,"220,000",Semi-Detached, Freehold,15-Feb-19,NaN
"16, Elford Road",CF5_4HZ,"126,000",Terraced, Freehold,15-Feb-19,2 bedrooms
"7a, Heol Y Felin, Rhiwbina,",CF14_6NB,"420,000",Detached, Freehold,15-Feb-19,3 bedrooms
"45, Heol Y Pentre, Pentyrch,",CF15_9QD,"500,000",Detached, Freehold,15-Feb-19,4 bedrooms
"10, Duncan Close, St Mellons",CF3_1NP,"174,000",Semi-Detached, Freehold,15-Feb-19,3 bedrooms
"Oakville Lodge, Rudry Road, Lisvane, , Caerphilly",CF14_0SN,"565,000",Detached, Freehold,15-Feb-19,5 bedrooms
"Apartment 25, Cathedral House, Hamilton Street,",CF11_9FG,"270,000",Flat, Leasehold,15-Feb-19,NaN
"241, Lansdowne Road",CF5_1JR,"180,000",Terraced, Freehold,15-Feb-19,NaN
"Flat 12, Pontcanna Court, Road, Llandaff",CF5_2AS,"237,000",Flat, Leasehold,15-Feb-19,NaN
"74, Bryn Haidd,",CF23_7JP,"153,000",Terraced, Freehold,15-Feb-19,3 bedrooms
"3, Trowbridge Road, Rumney",CF3_1QJ,"69,000",Flat, Leasehold,15-Feb-19,1 bedroom
"2, Greenclose Road,",CF14_1QP,"452,500",Detached, Freehold,15-Feb-19,NaN
"First Floor Flat, 2, Hirwain Street,",CF24_4JH,"130,000",Terraced, Leasehold,15-Feb-19,2 bedrooms
"6, Victoria Road,",CF14_1AH,"202,000",Terraced, Freehold,15-Feb-19,2 bedrooms
"50, Beech Road",CF5_3TX,"185,000",Semi-Detached, Freehold,15-Feb-19,3 bedrooms
"7, Min Y Coed, Radyr,",CF15_8AQ,"335,000",Detached, Freehold,15-Feb-19,2 bedrooms
"194, Pearl Street,",CF24_1RD,"179,400",Terraced, Freehold,15-Feb-19,3 bedrooms
"39, Ethel Street",CF5_1EJ,"230,000",Terraced, Freehold,15-Feb-19,2 bedrooms
"125, Silver Birch Close,",CF14_1EL,"248,500",Semi-Detached, Freehold,15-Feb-19,3 bedrooms
"Apartment 36, Schooner Wharf, Schooner Drive,",CF10_4ET,"127,500",Flat, Leasehold,15-Feb-19,NaN
"13, Pen Y Wain Place,",CF24_4GA,"281,500",Terraced, Freehold,15-Feb-19,4 bedrooms
"69, Beale Close",CF5_2RU,"174,000",Semi-Detached, Freehold,15-Feb-19,2 bedrooms
"464, Cowbridge Road West",CF5_5BZ,"130,000",Terraced, Freehold,15-Feb-19,3 bedrooms
"5, Sunningdale Close,",CF23_6HP,"400,000",Detached, Freehold,15-Feb-19,NaN
"4, Whitebarn Road, Llanishen,",CF14_5HA,"205,000",Semi-Detached, Freehold,15-Feb-19,2 bedrooms
